DateTime,RATE A,RATE B,RATE C,Total
2023-04-01 00:45:00,,,68.91,68.91
2023-04-01 01:00:00,,,69.75,69.75
2023-04-01 01:15:00,,,67.48,67.48
2023-04-01 01:30:00,,,69.12,69.12
2023-04-01 01:45:00,,,68.16,68.16
2023-04-01 02:00:00,,,65.1,65.1
2023-04-01 02:15:00,,,67.22,67.22
2023-04-01 02:30:00,,,66.52,66.52
2023-04-01 02:45:00,,,64.17,64.17
2023-04-01 03:00:00,,,66.17,66.17
2023-04-01 03:15:00,,,64.86,64.86
2023-04-01 03:30:00,,,62.48,62.48
2023-04-01 03:45:00,,,63.5,63.5
2023-04-01 04:00:00,,,61.94,61.94
2023-04-01 04:15:00,,,61.63,61.63
2023-04-01 04:30:00,,,63.67,63.67
2023-04-01 04:45:00,,,62.94,62.94
2023-04-01 05:00:00,,,62.15,62.15
2023-04-01 05:15:00,,,60.91,60.91
2023-04-01 05:30:00,,,58.95,58.95
2023-04-01 05:45:00,,,58.8,58.8
2023-04-01 06:00:00,,,56.57,56.57
2023-04-01 06:15:00,,,57.0,57.0
2023-04-01 06:30:00,,,54.64,54.64
2023-04-01 06:45:00,,,54.11,54.11
2023-04-01 07:00:00,,,51.01,51.01
2023-04-01 07:15:00,,,48.94,48.94
2023-04-01 07:30:00,,,51.84,51.84
2023-04-01 07:45:00,,,49.25,49.25
2023-04-01 08:00:00,,,47.73,47.73
2023-04-01 08:15:00,,,44.24,44.24
2023-04-01 08:30:00,,,42.92,42.92
2023-04-01 08:45:00,,,41.07,41.07
2023-04-01 09:00:00,,,41.51,41.51
2023-04-01 09:15:00,,,46.39,46.39
2023-04-01 09:30:00,,,58.48,58.48
2023-04-01 09:45:00,,,44.55,44.55
2023-04-01 10:00:00,,,38.43,38.43
2023-04-01 10:15:00,,,43.34,43.34
2023-04-01 10:30:00,,,38.58,38.58
2023-04-01 10:45:00,,,41.06,41.06
2023-04-01 11:00:00,,,41.29,41.29
2023-04-01 11:15:00,,,35.47,35.47
2023-04-01 11:30:00,,,35.75,35.75
2023-04-01 11:45:00,,,34.55,34.55
2023-04-01 12:00:00,,,31.88,31.88
2023-04-01 12:15:00,,,33.14,33.14
2023-04-01 12:30:00,,,35.79,35.79
2023-04-01 12:45:00,,,37.61,37.61
2023-04-01 13:00:00,,,38.66,38.66
2023-04-01 13:15:00,,,41.6,41.6
2023-04-01 13:30:00,,,45.45,45.45
2023-04-01 13:45:00,,,49.02,49.02
2023-04-01 14:00:00,,,45.62,45.62
2023-04-01 14:15:00,,,47.87,47.87
2023-04-01 14:30:00,,,49.71,49.71
2023-04-01 14:45:00,,,55.25,55.25
2023-04-01 15:00:00,,,57.14,57.14
2023-04-01 15:15:00,,,60.11,60.11
2023-04-01 15:30:00,,,60.2,60.2
2023-04-01 15:45:00,,,61.23,61.23
2023-04-01 16:00:00,,,58.93,58.93
2023-04-01 16:15:00,,,61.79,61.79
2023-04-01 16:30:00,,,61.04,61.04
2023-04-01 16:45:00,,,65.31,65.31
2023-04-01 17:00:00,,,70.09,70.09
2023-04-01 17:15:00,,,68.25,68.25
2023-04-01 17:30:00,,,71.34,71.34
2023-04-01 17:45:00,,,72.45,72.45
2023-04-01 18:00:00,,,69.74,69.74
2023-04-01 18:15:00,,,76.0,76.0
2023-04-01 18:30:00,,,82.16,82.16
2023-04-01 18:45:00,,,88.74,88.74
2023-04-01 19:00:00,,,90.14,90.14
2023-04-01 19:15:00,,,89.87,89.87
2023-04-01 19:30:00,,,88.48,88.48
2023-04-01 19:45:00,,,89.02,89.02
2023-04-01 20:00:00,,,82.73,82.73
2023-04-01 20:15:00,,,80.08,80.08
2023-04-01 20:30:00,,,81.3,81.3
2023-04-01 20:45:00,,,82.32,82.32
2023-04-01 21:00:00,,,81.39,81.39
2023-04-01 21:15:00,,,79.84,79.84
2023-04-01 21:30:00,,,75.31,75.31
2023-04-01 21:45:00,,,75.24,75.24
2023-04-01 22:00:00,,,74.24,74.24
2023-04-01 22:15:00,,,72.27,72.27
2023-04-01 22:30:00,,,73.11,73.11
2023-04-01 22:45:00,,,72.43,72.43
2023-04-01 23:00:00,,,68.76,68.76
2023-04-01 23:15:00,,,69.23,69.23
2023-04-01 23:30:00,,,69.45,69.45
2023-04-01 23:45:00,,,68.14,68.14
2023-04-02 00:15:00,,,68.11,68.11
2023-04-02 00:30:00,,,63.89,63.89
2023-04-02 00:45:00,,,65.06,65.06
2023-04-02 01:00:00,,,66.91,66.91
2023-04-02 01:15:00,,,64.57,64.57
2023-04-02 01:30:00,,,63.44,63.44
2023-04-02 01:45:00,,,63.95,63.95
2023-04-02 02:00:00,,,61.92,61.92
2023-04-02 02:15:00,,,62.89,62.89
2023-04-02 02:30:00,,,62.65,62.65
2023-04-02 02:45:00,,,61.44,61.44
2023-04-02 03:00:00,,,63.2,63.2
2023-04-02 03:15:00,,,61.6,61.6
2023-04-02 03:30:00,,,60.5,60.5
2023-04-02 03:45:00,,,60.48,60.48
2023-04-02 04:00:00,,,59.27,59.27
2023-04-02 04:15:00,,,59.92,59.92
2023-04-02 04:30:00,,,60.7,60.7
2023-04-02 04:45:00,,,59.88,59.88
2023-04-02 05:00:00,,,59.46,59.46
2023-04-02 05:15:00,,,60.46,60.46
2023-04-02 05:30:00,,,60.75,60.75
2023-04-02 05:45:00,,,60.63,60.63
2023-04-02 06:00:00,,,58.15,58.15
2023-04-02 06:15:00,,,53.92,53.92
2023-04-02 06:30:00,,,53.8,53.8
2023-04-02 06:45:00,,,53.54,53.54
2023-04-02 07:00:00,,,50.92,50.92
2023-04-02 07:15:00,,,46.64,46.64
2023-04-02 07:30:00,,,48.55,48.55
2023-04-02 07:45:00,,,43.62,43.62
2023-04-02 08:00:00,,,39.34,39.34
2023-04-02 08:15:00,,,37.6,37.6
2023-04-02 08:30:00,,,35.25,35.25
2023-04-02 08:45:00,,,31.25,31.25
2023-04-02 09:00:00,,,27.3,27.3
2023-04-02 09:15:00,,,29.29,29.29
2023-04-02 09:30:00,,,27.59,27.59
2023-04-02 09:45:00,,,36.93,36.93
2023-04-02 10:00:00,,,26.27,26.27
2023-04-02 10:15:00,,,23.21,23.21
2023-04-02 10:30:00,,,23.14,23.14
2023-04-02 10:45:00,,,24.46,24.46
2023-04-02 11:00:00,,,19.43,19.43
2023-04-02 11:15:00,,,11.11,11.11
2023-04-02 11:30:00,,,13.05,13.05
2023-04-02 11:45:00,,,15.74,15.74
2023-04-02 12:00:00,,,15.16,15.16
2023-04-02 12:15:00,,,12.44,12.44
2023-04-02 12:30:00,,,14.16,14.16
2023-04-02 12:45:00,,,16.25,16.25
2023-04-02 13:00:00,,,14.11,14.11
2023-04-02 13:15:00,,,16.82,16.82
2023-04-02 13:30:00,,,20.57,20.57
2023-04-02 13:45:00,,,22.46,22.46
2023-04-02 14:00:00,,,23.6,23.6
2023-04-02 14:15:00,,,27.11,27.11
2023-04-02 14:30:00,,,32.56,32.56
2023-04-02 14:45:00,,,34.55,34.55
2023-04-02 15:00:00,,,32.64,32.64
2023-04-02 15:15:00,,,32.86,32.86
2023-04-02 15:30:00,,,38.6,38.6
2023-04-02 15:45:00,,,41.83,41.83
2023-04-02 16:00:00,,,46.36,46.36
2023-04-02 16:15:00,,,50.47,50.47
2023-04-02 16:30:00,,,52.52,52.52
2023-04-02 16:45:00,,,50.14,50.14
2023-04-02 17:00:00,,,54.87,54.87
2023-04-02 17:15:00,,,57.63,57.63
2023-04-02 17:30:00,,,61.57,61.57
2023-04-02 17:45:00,,,66.83,66.83
2023-04-02 18:00:00,,,70.8,70.8
2023-04-02 18:15:00,,,71.01,71.01
2023-04-02 18:30:00,,,77.02,77.02
2023-04-02 18:45:00,,,78.84,78.84
2023-04-02 19:00:00,,,79.16,79.16
2023-04-02 19:15:00,,,81.45,81.45
2023-04-02 19:30:00,,,79.65,79.65
2023-04-02 19:45:00,,,77.74,77.74
2023-04-02 20:00:00,,,75.33,75.33
2023-04-02 20:15:00,,,72.67,72.67
2023-04-02 20:30:00,,,73.74,73.74
2023-04-02 20:45:00,,,76.43,76.43
2023-04-02 21:00:00,,,75.06,75.06
2023-04-02 21:15:00,,,74.81,74.81
2023-04-02 21:30:00,,,75.35,75.35
2023-04-02 21:45:00,,,73.94,73.94
2023-04-02 22:00:00,,,75.73,75.73
2023-04-02 22:15:00,,,76.77,76.77
2023-04-02 22:30:00,,,76.15,76.15
2023-04-02 22:45:00,,,75.59,75.59
2023-04-02 23:00:00,,,75.26,75.26
2023-04-02 23:15:00,,,73.51,73.51
2023-04-02 23:30:00,,,75.21,75.21
2023-04-02 23:45:00,,,74.77,74.77
2023-04-03 00:15:00,,73.58,,73.58
2023-04-03 00:30:00,,72.75,,72.75
2023-04-03 00:45:00,,70.19,,70.19
2023-04-03 01:00:00,,71.5,,71.5
2023-04-03 01:15:00,,73.27,,73.27
2023-04-03 01:30:00,,72.72,,72.72
2023-04-03 01:45:00,,73.05,,73.05
2023-04-03 02:00:00,,71.93,,71.93
2023-04-03 02:15:00,,69.58,,69.58
2023-04-03 02:30:00,,70.38,,70.38
2023-04-03 02:45:00,,69.1,,69.1
2023-04-03 03:00:00,,65.28,,65.28
2023-04-03 03:15:00,,65.44,,65.44
2023-04-03 03:30:00,,63.36,,63.36
2023-04-03 03:45:00,,62.62,,62.62
2023-04-03 04:00:00,,62.07,,62.07
2023-04-03 04:15:00,,61.93,,61.93
2023-04-03 04:30:00,,60.26,,60.26
2023-04-03 04:45:00,,60.37,,60.37
2023-04-03 05:00:00,,59.27,,59.27
2023-04-03 05:15:00,,60.14,,60.14
2023-04-03 05:30:00,,59.03,,59.03
2023-04-03 05:45:00,,58.16,,58.16
2023-04-03 06:00:00,,55.28,,55.28
2023-04-03 06:15:00,,55.29,,55.29
2023-04-03 06:30:00,,54.05,,54.05
2023-04-03 06:45:00,,53.65,,53.65
2023-04-03 07:00:00,,53.9,,53.9
2023-04-03 07:15:00,,54.24,,54.24
2023-04-03 07:30:00,,57.46,,57.46
2023-04-03 07:45:00,,57.74,,57.74
2023-04-03 08:00:00,,67.38,,67.38
2023-04-03 08:15:00,,78.52,,78.52
2023-04-03 08:30:00,,83.82,,83.82
2023-04-03 08:45:00,,102.97,,102.97
2023-04-03 09:00:00,,125.92,,125.92
2023-04-03 09:15:00,150.88,,,150.88
2023-04-03 09:30:00,169.42,,,169.42
2023-04-03 09:45:00,188.18,,,188.18
2023-04-03 10:00:00,193.16,,,193.16
2023-04-03 10:15:00,196.57,,,196.57
2023-04-03 10:30:00,198.86,,,198.86
2023-04-03 10:45:00,198.2,,,198.2
2023-04-03 11:00:00,209.05,,,209.05
2023-04-03 11:15:00,218.39,,,218.39
2023-04-03 11:30:00,215.65,,,215.65
2023-04-03 11:45:00,219.48,,,219.48
2023-04-03 12:00:00,224.72,,,224.72
2023-04-03 12:15:00,230.21,,,230.21
2023-04-03 12:30:00,231.63,,,231.63
2023-04-03 12:45:00,240.14,,,240.14
2023-04-03 13:00:00,239.97,,,239.97
2023-04-03 13:15:00,245.05,,,245.05
2023-04-03 13:30:00,252.15,,,252.15
2023-04-03 13:45:00,259.24,,,259.24
2023-04-03 14:00:00,263.79,,,263.79
2023-04-03 14:15:00,267.55,,,267.55
2023-04-03 14:30:00,280.91,,,280.91
2023-04-03 14:45:00,282.58,,,282.58
2023-04-03 15:00:00,291.4,,,291.4
2023-04-03 15:15:00,298.83,,,298.83
2023-04-03 15:30:00,292.5,,,292.5
2023-04-03 15:45:00,291.37,,,291.37
2023-04-03 16:00:00,283.9,,,283.9
2023-04-03 16:15:00,269.99,,,269.99
2023-04-03 16:30:00,237.34,,,237.34
2023-04-03 16:45:00,199.65,,,199.65
2023-04-03 17:00:00,167.13,,,167.13
2023-04-03 17:15:00,132.5,,,132.5
2023-04-03 17:30:00,104.84,,,104.84
2023-04-03 17:45:00,90.75,,,90.75
2023-04-03 18:00:00,88.16,,,88.16
2023-04-03 18:15:00,86.41,,,86.41
2023-04-03 18:30:00,88.27,,,88.27
2023-04-03 18:45:00,98.41,,,98.41
2023-04-03 19:00:00,100.24,,,100.24
2023-04-03 19:15:00,98.18,,,98.18
2023-04-03 19:30:00,91.83,,,91.83
2023-04-03 19:45:00,87.41,,,87.41
2023-04-03 20:00:00,78.17,,,78.17
2023-04-03 20:15:00,76.1,,,76.1
2023-04-03 20:30:00,74.54,,,74.54
2023-04-03 20:45:00,79.97,,,79.97
2023-04-03 21:00:00,79.61,,,79.61
2023-04-03 21:15:00,73.91,,,73.91
2023-04-03 21:30:00,74.83,,,74.83
2023-04-03 21:45:00,76.41,,,76.41
2023-04-03 22:00:00,75.21,,,75.21
2023-04-03 22:15:00,,77.19,,77.19
2023-04-03 22:30:00,,78.36,,78.36
2023-04-03 22:45:00,,75.2,,75.2
2023-04-03 23:00:00,,72.27,,72.27
2023-04-03 23:15:00,,71.82,,71.82
2023-04-03 23:30:00,,71.61,,71.61
2023-04-03 23:45:00,,71.98,,71.98
2023-04-04 00:15:00,,69.98,,69.98
2023-04-04 00:30:00,,70.33,,70.33
2023-04-04 00:45:00,,67.06,,67.06
2023-04-04 01:00:00,,67.32,,67.32
2023-04-04 01:15:00,,67.75,,67.75
2023-04-04 01:30:00,,66.4,,66.4
2023-04-04 01:45:00,,65.82,,65.82
2023-04-04 02:00:00,,65.26,,65.26
2023-04-04 02:15:00,,63.39,,63.39
2023-04-04 02:30:00,,64.9,,64.9
2023-04-04 02:45:00,,65.38,,65.38
2023-04-04 03:00:00,,62.92,,62.92
2023-04-04 03:15:00,,64.25,,64.25
2023-04-04 03:30:00,,63.29,,63.29
2023-04-04 03:45:00,,62.5,,62.5
2023-04-04 04:00:00,,63.69,,63.69
2023-04-04 04:15:00,,62.32,,62.32
2023-04-04 04:30:00,,60.93,,60.93
2023-04-04 04:45:00,,63.94,,63.94
2023-04-04 05:00:00,,61.36,,61.36
2023-04-04 05:15:00,,61.08,,61.08
2023-04-04 05:30:00,,61.78,,61.78
2023-04-04 05:45:00,,59.45,,59.45
2023-04-04 06:00:00,,57.1,,57.1
2023-04-04 06:15:00,,55.22,,55.22
2023-04-04 06:30:00,,55.11,,55.11
2023-04-04 06:45:00,,52.7,,52.7
2023-04-04 07:00:00,,55.35,,55.35
2023-04-04 07:15:00,,52.2,,52.2
2023-04-04 07:30:00,,57.35,,57.35
2023-04-04 07:45:00,,58.14,,58.14
2023-04-04 08:00:00,,61.54,,61.54
2023-04-04 08:15:00,,69.57,,69.57
2023-04-04 08:30:00,,82.46,,82.46
2023-04-04 08:45:00,,104.9,,104.9
2023-04-04 09:00:00,,136.42,,136.42
2023-04-04 09:15:00,164.7,,,164.7
2023-04-04 09:30:00,187.24,,,187.24
2023-04-04 09:45:00,194.26,,,194.26
2023-04-04 10:00:00,196.23,,,196.23
2023-04-04 10:15:00,200.19,,,200.19
2023-04-04 10:30:00,200.15,,,200.15
2023-04-04 10:45:00,201.85,,,201.85
2023-04-04 11:00:00,207.09,,,207.09
2023-04-04 11:15:00,210.87,,,210.87
2023-04-04 11:30:00,212.3,,,212.3
2023-04-04 11:45:00,212.84,,,212.84
2023-04-04 12:00:00,216.21,,,216.21
2023-04-04 12:15:00,221.76,,,221.76
2023-04-04 12:30:00,225.46,,,225.46
2023-04-04 12:45:00,227.79,,,227.79
2023-04-04 13:00:00,232.47,,,232.47
2023-04-04 13:15:00,234.49,,,234.49
2023-04-04 13:30:00,231.57,,,231.57
2023-04-04 13:45:00,237.29,,,237.29
2023-04-04 14:00:00,244.49,,,244.49
2023-04-04 14:15:00,251.78,,,251.78
2023-04-04 14:30:00,254.58,,,254.58
2023-04-04 14:45:00,260.96,,,260.96
2023-04-04 15:00:00,261.36,,,261.36
2023-04-04 15:15:00,271.23,,,271.23
2023-04-04 15:30:00,271.04,,,271.04
2023-04-04 15:45:00,272.5,,,272.5
2023-04-04 16:00:00,272.46,,,272.46
2023-04-04 16:15:00,254.77,,,254.77
2023-04-04 16:30:00,221.01,,,221.01
2023-04-04 16:45:00,181.84,,,181.84
2023-04-04 17:00:00,142.6,,,142.6
2023-04-04 17:15:00,122.56,,,122.56
2023-04-04 17:30:00,108.6,,,108.6
2023-04-04 17:45:00,95.73,,,95.73
2023-04-04 18:00:00,89.23,,,89.23
2023-04-04 18:15:00,83.16,,,83.16
2023-04-04 18:30:00,86.47,,,86.47
2023-04-04 18:45:00,92.78,,,92.78
2023-04-04 19:00:00,92.37,,,92.37
2023-04-04 19:15:00,88.46,,,88.46
2023-04-04 19:30:00,81.83,,,81.83
2023-04-04 19:45:00,81.7,,,81.7
2023-04-04 20:00:00,73.31,,,73.31
2023-04-04 20:15:00,72.82,,,72.82
2023-04-04 20:30:00,75.89,,,75.89
2023-04-04 20:45:00,74.51,,,74.51
2023-04-04 21:00:00,74.68,,,74.68
2023-04-04 21:15:00,77.52,,,77.52
2023-04-04 21:30:00,74.4,,,74.4
2023-04-04 21:45:00,74.75,,,74.75
2023-04-04 22:00:00,76.93,,,76.93
2023-04-04 22:15:00,,73.59,,73.59
2023-04-04 22:30:00,,72.95,,72.95
2023-04-04 22:45:00,,72.77,,72.77
2023-04-04 23:00:00,,73.9,,73.9
2023-04-04 23:15:00,,73.94,,73.94
2023-04-04 23:30:00,,71.51,,71.51
2023-04-04 23:45:00,,72.91,,72.91
2023-04-05 00:15:00,,68.51,,68.51
2023-04-05 00:30:00,,67.61,,67.61
2023-04-05 00:45:00,,66.92,,66.92
2023-04-05 01:00:00,,66.17,,66.17
2023-04-05 01:15:00,,65.6,,65.6
2023-04-05 01:30:00,,65.47,,65.47
2023-04-05 01:45:00,,64.88,,64.88
2023-04-05 02:00:00,,65.03,,65.03
2023-04-05 02:15:00,,65.32,,65.32
2023-04-05 02:30:00,,63.29,,63.29
2023-04-05 02:45:00,,64.71,,64.71
2023-04-05 03:00:00,,62.47,,62.47
2023-04-05 03:15:00,,61.39,,61.39
2023-04-05 03:30:00,,61.59,,61.59
2023-04-05 03:45:00,,60.33,,60.33
2023-04-05 04:00:00,,59.91,,59.91
2023-04-05 04:15:00,,60.2,,60.2
2023-04-05 04:30:00,,58.63,,58.63
2023-04-05 04:45:00,,58.93,,58.93
2023-04-05 05:00:00,,60.25,,60.25
2023-04-05 05:15:00,,59.76,,59.76
2023-04-05 05:30:00,,60.11,,60.11
2023-04-05 05:45:00,,59.54,,59.54
2023-04-05 06:00:00,,56.88,,56.88
2023-04-05 06:15:00,,53.52,,53.52
2023-04-05 06:30:00,,52.87,,52.87
2023-04-05 06:45:00,,51.04,,51.04
2023-04-05 07:00:00,,53.01,,53.01
2023-04-05 07:15:00,,52.78,,52.78
2023-04-05 07:30:00,,53.93,,53.93
2023-04-05 07:45:00,,55.79,,55.79
2023-04-05 08:00:00,,67.05,,67.05
2023-04-05 08:15:00,,74.63,,74.63
2023-04-05 08:30:00,,88.05,,88.05
2023-04-05 08:45:00,,111.23,,111.23
2023-04-05 09:00:00,,133.19,,133.19
2023-04-05 09:15:00,158.73,,,158.73
2023-04-05 09:30:00,170.31,,,170.31
2023-04-05 09:45:00,180.3,,,180.3
2023-04-05 10:00:00,188.61,,,188.61
2023-04-05 10:15:00,193.36,,,193.36
2023-04-05 10:30:00,196.58,,,196.58
2023-04-05 10:45:00,210.28,,,210.28
2023-04-05 11:00:00,206.76,,,206.76
2023-04-05 11:15:00,199.74,,,199.74
2023-04-05 11:30:00,200.06,,,200.06
2023-04-05 11:45:00,202.77,,,202.77
2023-04-05 12:00:00,213.43,,,213.43
2023-04-05 12:15:00,214.47,,,214.47
2023-04-05 12:30:00,212.37,,,212.37
2023-04-05 12:45:00,222.23,,,222.23
2023-04-05 13:00:00,223.79,,,223.79
2023-04-05 13:15:00,227.93,,,227.93
2023-04-05 13:30:00,238.15,,,238.15
2023-04-05 13:45:00,244.02,,,244.02
2023-04-05 14:00:00,247.93,,,247.93
2023-04-05 14:15:00,257.22,,,257.22
2023-04-05 14:30:00,272.2,,,272.2
2023-04-05 14:45:00,277.51,,,277.51
2023-04-05 15:00:00,294.94,,,294.94
2023-04-05 15:15:00,311.35,,,311.35
2023-04-05 15:30:00,305.77,,,305.77
2023-04-05 15:45:00,300.74,,,300.74
2023-04-05 16:00:00,302.06,,,302.06
2023-04-05 16:15:00,279.39,,,279.39
2023-04-05 16:30:00,242.32,,,242.32
2023-04-05 16:45:00,206.52,,,206.52
2023-04-05 17:00:00,157.44,,,157.44
2023-04-05 17:15:00,121.0,,,121.0
2023-04-05 17:30:00,111.24,,,111.24
2023-04-05 17:45:00,108.51,,,108.51
2023-04-05 18:00:00,102.36,,,102.36
2023-04-05 18:15:00,102.53,,,102.53
2023-04-05 18:30:00,104.65,,,104.65
2023-04-05 18:45:00,98.68,,,98.68
2023-04-05 19:00:00,93.53,,,93.53
2023-04-05 19:15:00,92.67,,,92.67
2023-04-05 19:30:00,87.37,,,87.37
2023-04-05 19:45:00,80.26,,,80.26
2023-04-05 20:00:00,78.75,,,78.75
2023-04-05 20:15:00,74.32,,,74.32
2023-04-05 20:30:00,71.94,,,71.94
2023-04-05 20:45:00,75.02,,,75.02
2023-04-05 21:00:00,72.98,,,72.98
2023-04-05 21:15:00,73.86,,,73.86
2023-04-05 21:30:00,74.08,,,74.08
2023-04-05 21:45:00,75.11,,,75.11
2023-04-05 22:00:00,73.67,,,73.67
2023-04-05 22:15:00,,71.24,,71.24
2023-04-05 22:30:00,,72.91,,72.91
2023-04-05 22:45:00,,70.75,,70.75
2023-04-05 23:00:00,,69.6,,69.6
2023-04-05 23:15:00,,68.43,,68.43
2023-04-05 23:30:00,,67.54,,67.54
2023-04-05 23:45:00,,67.46,,67.46
2023-04-06 00:15:00,,,66.65,66.65
2023-04-06 00:30:00,,,65.37,65.37
2023-04-06 00:45:00,,,68.0,68.0
2023-04-06 01:00:00,,,67.44,67.44
2023-04-06 01:15:00,,,64.71,64.71
2023-04-06 01:30:00,,,65.94,65.94
2023-04-06 01:45:00,,,66.5,66.5
2023-04-06 02:00:00,,,64.0,64.0
2023-04-06 02:15:00,,,64.58,64.58
2023-04-06 02:30:00,,,62.43,62.43
2023-04-06 02:45:00,,,62.1,62.1
2023-04-06 03:00:00,,,63.4,63.4
2023-04-06 03:15:00,,,61.18,61.18
2023-04-06 03:30:00,,,60.24,60.24
2023-04-06 03:45:00,,,60.62,60.62
2023-04-06 04:00:00,,,59.57,59.57
2023-04-06 04:15:00,,,58.65,58.65
2023-04-06 04:30:00,,,59.74,59.74
2023-04-06 04:45:00,,,58.43,58.43
2023-04-06 05:00:00,,,58.32,58.32
2023-04-06 05:15:00,,,59.74,59.74
2023-04-06 05:30:00,,,57.49,57.49
2023-04-06 05:45:00,,,57.07,57.07
2023-04-06 06:00:00,,,53.8,53.8
2023-04-06 06:15:00,,,51.02,51.02
2023-04-06 06:30:00,,,49.82,49.82
2023-04-06 06:45:00,,,49.16,49.16
2023-04-06 07:00:00,,,45.9,45.9
2023-04-06 07:15:00,,,45.05,45.05
2023-04-06 07:30:00,,,51.47,51.47
2023-04-06 07:45:00,,,74.54,74.54
2023-04-06 08:00:00,,,67.89,67.89
2023-04-06 08:15:00,,,62.5,62.5
2023-04-06 08:30:00,,,62.17,62.17
2023-04-06 08:45:00,,,58.5,58.5
2023-04-06 09:00:00,,,59.66,59.66
2023-04-06 09:15:00,,,60.16,60.16
2023-04-06 09:30:00,,,54.95,54.95
2023-04-06 09:45:00,,,57.8,57.8
2023-04-06 10:00:00,,,60.61,60.61
2023-04-06 10:15:00,,,56.84,56.84
2023-04-06 10:30:00,,,56.18,56.18
2023-04-06 10:45:00,,,56.46,56.46
2023-04-06 11:00:00,,,56.95,56.95
2023-04-06 11:15:00,,,53.47,53.47
2023-04-06 11:30:00,,,52.91,52.91
2023-04-06 11:45:00,,,49.29,49.29
2023-04-06 12:00:00,,,48.69,48.69
2023-04-06 12:15:00,,,52.25,52.25
2023-04-06 12:30:00,,,52.32,52.32
2023-04-06 12:45:00,,,50.39,50.39
2023-04-06 13:00:00,,,53.99,53.99
2023-04-06 13:15:00,,,56.65,56.65
2023-04-06 13:30:00,,,63.37,63.37
2023-04-06 13:45:00,,,67.66,67.66
2023-04-06 14:00:00,,,68.04,68.04
2023-04-06 14:15:00,,,70.74,70.74
2023-04-06 14:30:00,,,76.53,76.53
2023-04-06 14:45:00,,,78.35,78.35
2023-04-06 15:00:00,,,84.21,84.21
2023-04-06 15:15:00,,,86.89,86.89
2023-04-06 15:30:00,,,89.71,89.71
2023-04-06 15:45:00,,,95.59,95.59
2023-04-06 16:00:00,,,99.05,99.05
2023-04-06 16:15:00,,,100.64,100.64
2023-04-06 16:30:00,,,81.31,81.31
2023-04-06 16:45:00,,,68.26,68.26
2023-04-06 17:00:00,,,66.04,66.04
2023-04-06 17:15:00,,,64.96,64.96
2023-04-06 17:30:00,,,62.72,62.72
2023-04-06 17:45:00,,,63.57,63.57
2023-04-06 18:00:00,,,68.36,68.36
2023-04-06 18:15:00,,,72.16,72.16
2023-04-06 18:30:00,,,70.83,70.83
2023-04-06 18:45:00,,,75.67,75.67
2023-04-06 19:00:00,,,76.61,76.61
2023-04-06 19:15:00,,,74.11,74.11
2023-04-06 19:30:00,,,74.19,74.19
2023-04-06 19:45:00,,,75.3,75.3
2023-04-06 20:00:00,,,72.9,72.9
2023-04-06 20:15:00,,,72.57,72.57
2023-04-06 20:30:00,,,70.94,70.94
2023-04-06 20:45:00,,,70.97,70.97
2023-04-06 21:00:00,,,72.94,72.94
2023-04-06 21:15:00,,,70.4,70.4
2023-04-06 21:30:00,,,69.95,69.95
2023-04-06 21:45:00,,,71.63,71.63
2023-04-06 22:00:00,,,68.71,68.71
2023-04-06 22:15:00,,,68.89,68.89
2023-04-06 22:30:00,,,70.66,70.66
2023-04-06 22:45:00,,,70.17,70.17
2023-04-06 23:00:00,,,69.57,69.57
2023-04-06 23:15:00,,,71.08,71.08
2023-04-06 23:30:00,,,70.01,70.01
2023-04-06 23:45:00,,,70.75,70.75
2023-04-07 00:15:00,,67.03,,67.03
2023-04-07 00:30:00,,67.4,,67.4
2023-04-07 00:45:00,,68.07,,68.07
2023-04-07 01:00:00,,64.38,,64.38
2023-04-07 01:15:00,,65.83,,65.83
2023-04-07 01:30:00,,64.04,,64.04
2023-04-07 01:45:00,,61.9,,61.9
2023-04-07 02:00:00,,62.01,,62.01
2023-04-07 02:15:00,,63.0,,63.0
2023-04-07 02:30:00,,61.08,,61.08
2023-04-07 02:45:00,,60.52,,60.52
2023-04-07 03:00:00,,60.33,,60.33
2023-04-07 03:15:00,,60.2,,60.2
2023-04-07 03:30:00,,58.71,,58.71
2023-04-07 03:45:00,,58.03,,58.03
2023-04-07 04:00:00,,59.7,,59.7
2023-04-07 04:15:00,,59.2,,59.2
2023-04-07 04:30:00,,58.95,,58.95
2023-04-07 04:45:00,,57.44,,57.44
2023-04-07 05:00:00,,56.3,,56.3
2023-04-07 05:15:00,,57.77,,57.77
2023-04-07 05:30:00,,55.11,,55.11
2023-04-07 05:45:00,,55.14,,55.14
2023-04-07 06:00:00,,55.28,,55.28
2023-04-07 06:15:00,,50.72,,50.72
2023-04-07 06:30:00,,53.86,,53.86
2023-04-07 06:45:00,,54.77,,54.77
2023-04-07 07:00:00,,53.54,,53.54
2023-04-07 07:15:00,,54.06,,54.06
2023-04-07 07:30:00,,58.86,,58.86
2023-04-07 07:45:00,,66.47,,66.47
2023-04-07 08:00:00,,83.35,,83.35
2023-04-07 08:15:00,,116.19,,116.19
2023-04-07 08:30:00,,123.38,,123.38
2023-04-07 08:45:00,,140.55,,140.55
2023-04-07 09:00:00,,156.66,,156.66
2023-04-07 09:15:00,172.95,,,172.95
2023-04-07 09:30:00,181.93,,,181.93
2023-04-07 09:45:00,186.34,,,186.34
2023-04-07 10:00:00,206.43,,,206.43
2023-04-07 10:15:00,219.19,,,219.19
2023-04-07 10:30:00,223.87,,,223.87
2023-04-07 10:45:00,224.66,,,224.66
2023-04-07 11:00:00,233.0,,,233.0
2023-04-07 11:15:00,242.79,,,242.79
2023-04-07 11:30:00,249.95,,,249.95
2023-04-07 11:45:00,251.6,,,251.6
2023-04-07 12:00:00,251.36,,,251.36
2023-04-07 12:15:00,258.96,,,258.96
2023-04-07 12:30:00,254.83,,,254.83
2023-04-07 12:45:00,260.96,,,260.96
2023-04-07 13:00:00,258.07,,,258.07
2023-04-07 13:15:00,260.67,,,260.67
2023-04-07 13:30:00,267.72,,,267.72
2023-04-07 13:45:00,267.15,,,267.15
2023-04-07 14:00:00,277.71,,,277.71
2023-04-07 14:15:00,281.36,,,281.36
2023-04-07 14:30:00,289.88,,,289.88
2023-04-07 14:45:00,290.88,,,290.88
2023-04-07 15:00:00,303.2,,,303.2
2023-04-07 15:15:00,302.59,,,302.59
2023-04-07 15:30:00,294.05,,,294.05
2023-04-07 15:45:00,296.56,,,296.56
2023-04-07 16:00:00,283.09,,,283.09
2023-04-07 16:15:00,248.1,,,248.1
2023-04-07 16:30:00,228.15,,,228.15
2023-04-07 16:45:00,191.7,,,191.7
2023-04-07 17:00:00,140.21,,,140.21
2023-04-07 17:15:00,116.92,,,116.92
2023-04-07 17:30:00,87.21,,,87.21
2023-04-07 17:45:00,81.74,,,81.74
2023-04-07 18:00:00,82.41,,,82.41
2023-04-07 18:15:00,83.17,,,83.17
2023-04-07 18:30:00,85.9,,,85.9
2023-04-07 18:45:00,93.53,,,93.53
2023-04-07 19:00:00,87.52,,,87.52
2023-04-07 19:15:00,84.5,,,84.5
2023-04-07 19:30:00,77.13,,,77.13
2023-04-07 19:45:00,80.63,,,80.63
2023-04-07 20:00:00,77.55,,,77.55
2023-04-07 20:15:00,71.38,,,71.38
2023-04-07 20:30:00,69.19,,,69.19
2023-04-07 20:45:00,70.87,,,70.87
2023-04-07 21:00:00,71.36,,,71.36
2023-04-07 21:15:00,72.92,,,72.92
2023-04-07 21:30:00,73.03,,,73.03
2023-04-07 21:45:00,70.94,,,70.94
2023-04-07 22:00:00,71.81,,,71.81
2023-04-07 22:15:00,,69.95,,69.95
2023-04-07 22:30:00,,68.79,,68.79
2023-04-07 22:45:00,,69.94,,69.94
2023-04-07 23:00:00,,69.1,,69.1
2023-04-07 23:15:00,,68.06,,68.06
2023-04-07 23:30:00,,70.1,,70.1
2023-04-07 23:45:00,,67.82,,67.82
2023-04-08 00:15:00,,,68.64,68.64
2023-04-08 00:30:00,,,67.68,67.68
2023-04-08 00:45:00,,,66.22,66.22
2023-04-08 01:00:00,,,67.18,67.18
2023-04-08 01:15:00,,,65.34,65.34
2023-04-08 01:30:00,,,64.67,64.67
2023-04-08 01:45:00,,,65.35,65.35
2023-04-08 02:00:00,,,65.26,65.26
2023-04-08 02:15:00,,,65.01,65.01
2023-04-08 02:30:00,,,65.42,65.42
2023-04-08 02:45:00,,,63.97,63.97
2023-04-08 03:00:00,,,63.53,63.53
2023-04-08 03:15:00,,,63.29,63.29
2023-04-08 03:30:00,,,61.67,61.67
2023-04-08 03:45:00,,,60.5,60.5
2023-04-08 04:00:00,,,62.29,62.29
2023-04-08 04:15:00,,,59.93,59.93
2023-04-08 04:30:00,,,60.65,60.65
2023-04-08 04:45:00,,,60.72,60.72
2023-04-08 05:00:00,,,58.86,58.86
2023-04-08 05:15:00,,,60.93,60.93
2023-04-08 05:30:00,,,59.51,59.51
2023-04-08 05:45:00,,,57.18,57.18
2023-04-08 06:00:00,,,56.03,56.03
2023-04-08 06:15:00,,,53.15,53.15
2023-04-08 06:30:00,,,52.53,52.53
2023-04-08 06:45:00,,,50.17,50.17
2023-04-08 07:00:00,,,48.48,48.48
2023-04-08 07:15:00,,,46.87,46.87
2023-04-08 07:30:00,,,46.28,46.28
2023-04-08 07:45:00,,,43.38,43.38
2023-04-08 08:00:00,,,38.16,38.16
2023-04-08 08:15:00,,,42.56,42.56
2023-04-08 08:30:00,,,41.24,41.24
2023-04-08 08:45:00,,,37.69,37.69
2023-04-08 09:00:00,,,35.26,35.26
2023-04-08 09:15:00,,,40.36,40.36
2023-04-08 09:30:00,,,48.61,48.61
2023-04-08 09:45:00,,,47.38,47.38
2023-04-08 10:00:00,,,42.13,42.13
2023-04-08 10:15:00,,,37.23,37.23
2023-04-08 10:30:00,,,35.42,35.42
2023-04-08 10:45:00,,,30.52,30.52
2023-04-08 11:00:00,,,27.69,27.69
2023-04-08 11:15:00,,,26.28,26.28
2023-04-08 11:30:00,,,25.29,25.29
2023-04-08 11:45:00,,,24.83,24.83
2023-04-08 12:00:00,,,28.23,28.23
2023-04-08 12:15:00,,,28.74,28.74
2023-04-08 12:30:00,,,32.66,32.66
2023-04-08 12:45:00,,,33.3,33.3
2023-04-08 13:00:00,,,31.8,31.8
2023-04-08 13:15:00,,,33.71,33.71
2023-04-08 13:30:00,,,35.69,35.69
2023-04-08 13:45:00,,,42.62,42.62
2023-04-08 14:00:00,,,50.95,50.95
2023-04-08 14:15:00,,,54.58,54.58
2023-04-08 14:30:00,,,56.29,56.29
2023-04-08 14:45:00,,,56.51,56.51
2023-04-08 15:00:00,,,51.18,51.18
2023-04-08 15:15:00,,,57.36,57.36
2023-04-08 15:30:00,,,57.87,57.87
2023-04-08 15:45:00,,,56.54,56.54
2023-04-08 16:00:00,,,63.8,63.8
2023-04-08 16:15:00,,,66.26,66.26
2023-04-08 16:30:00,,,69.55,69.55
2023-04-08 16:45:00,,,75.5,75.5
2023-04-08 17:00:00,,,74.36,74.36
2023-04-08 17:15:00,,,75.96,75.96
2023-04-08 17:30:00,,,77.76,77.76
2023-04-08 17:45:00,,,81.11,81.11
2023-04-08 18:00:00,,,85.09,85.09
2023-04-08 18:15:00,,,89.51,89.51
2023-04-08 18:30:00,,,90.36,90.36
2023-04-08 18:45:00,,,95.41,95.41
2023-04-08 19:00:00,,,98.6,98.6
2023-04-08 19:15:00,,,97.35,97.35
2023-04-08 19:30:00,,,95.57,95.57
2023-04-08 19:45:00,,,94.53,94.53
2023-04-08 20:00:00,,,86.31,86.31
2023-04-08 20:15:00,,,83.52,83.52
2023-04-08 20:30:00,,,85.56,85.56
2023-04-08 20:45:00,,,82.5,82.5
2023-04-08 21:00:00,,,81.91,81.91
2023-04-08 21:15:00,,,78.98,78.98
2023-04-08 21:30:00,,,77.16,77.16
2023-04-08 21:45:00,,,72.62,72.62
2023-04-08 22:00:00,,,71.4,71.4
2023-04-08 22:15:00,,,70.95,70.95
2023-04-08 22:30:00,,,69.33,69.33
2023-04-08 22:45:00,,,68.97,68.97
2023-04-08 23:00:00,,,68.68,68.68
2023-04-08 23:15:00,,,69.19,69.19
2023-04-08 23:30:00,,,67.34,67.34
2023-04-08 23:45:00,,,65.87,65.87
2023-04-09 00:15:00,,,64.8,64.8
2023-04-09 00:30:00,,,65.75,65.75
2023-04-09 00:45:00,,,63.86,63.86
2023-04-09 01:00:00,,,62.82,62.82
2023-04-09 01:15:00,,,62.99,62.99
2023-04-09 01:30:00,,,62.65,62.65
2023-04-09 01:45:00,,,60.85,60.85
2023-04-09 02:00:00,,,62.26,62.26
2023-04-09 02:15:00,,,61.63,61.63
2023-04-09 02:30:00,,,60.95,60.95
2023-04-09 02:45:00,,,61.96,61.96
2023-04-09 03:00:00,,,60.3,60.3
2023-04-09 03:15:00,,,60.34,60.34
2023-04-09 03:30:00,,,60.54,60.54
2023-04-09 03:45:00,,,59.07,59.07
2023-04-09 04:00:00,,,58.96,58.96
2023-04-09 04:15:00,,,60.19,60.19
2023-04-09 04:30:00,,,58.72,58.72
2023-04-09 04:45:00,,,57.8,57.8
2023-04-09 05:00:00,,,58.19,58.19
2023-04-09 05:15:00,,,57.21,57.21
2023-04-09 05:30:00,,,57.88,57.88
2023-04-09 05:45:00,,,58.15,58.15
2023-04-09 06:00:00,,,53.23,53.23
2023-04-09 06:15:00,,,52.49,52.49
2023-04-09 06:30:00,,,52.09,52.09
2023-04-09 06:45:00,,,49.42,49.42
2023-04-09 07:00:00,,,46.16,46.16
2023-04-09 07:15:00,,,43.22,43.22
2023-04-09 07:30:00,,,41.47,41.47
2023-04-09 07:45:00,,,36.56,36.56
2023-04-09 08:00:00,,,37.21,37.21
2023-04-09 08:15:00,,,36.0,36.0
2023-04-09 08:30:00,,,33.31,33.31
2023-04-09 08:45:00,,,30.79,30.79
2023-04-09 09:00:00,,,34.3,34.3
2023-04-09 09:15:00,,,38.71,38.71
2023-04-09 09:30:00,,,34.57,34.57
2023-04-09 09:45:00,,,28.89,28.89
2023-04-09 10:00:00,,,29.87,29.87
2023-04-09 10:15:00,,,29.03,29.03
2023-04-09 10:30:00,,,23.3,23.3
2023-04-09 10:45:00,,,20.61,20.61
2023-04-09 11:00:00,,,18.33,18.33
2023-04-09 11:15:00,,,13.46,13.46
2023-04-09 11:30:00,,,10.74,10.74
2023-04-09 11:45:00,,,6.24,6.24
2023-04-09 12:00:00,,,3.89,3.89
2023-04-09 12:15:00,,,3.51,3.51
2023-04-09 12:30:00,,,5.82,5.82
2023-04-09 12:45:00,,,3.99,3.99
2023-04-09 13:00:00,,,5.89,5.89
2023-04-09 13:15:00,,,11.09,11.09
2023-04-09 13:30:00,,,15.9,15.9
2023-04-09 13:45:00,,,17.58,17.58
2023-04-09 14:00:00,,,18.48,18.48
2023-04-09 14:15:00,,,21.59,21.59
2023-04-09 14:30:00,,,27.17,27.17
2023-04-09 14:45:00,,,29.7,29.7
2023-04-09 15:00:00,,,28.06,28.06
2023-04-09 15:15:00,,,34.75,34.75
2023-04-09 15:30:00,,,40.63,40.63
2023-04-09 15:45:00,,,42.59,42.59
2023-04-09 16:00:00,,,55.79,55.79
2023-04-09 16:15:00,,,52.81,52.81
2023-04-09 16:30:00,,,56.34,56.34
2023-04-09 16:45:00,,,62.09,62.09
2023-04-09 17:00:00,,,63.91,63.91
2023-04-09 17:15:00,,,66.46,66.46
2023-04-09 17:30:00,,,68.88,68.88
2023-04-09 17:45:00,,,67.12,67.12
2023-04-09 18:00:00,,,69.77,69.77
2023-04-09 18:15:00,,,74.27,74.27
2023-04-09 18:30:00,,,78.22,78.22
2023-04-09 18:45:00,,,80.34,80.34
2023-04-09 19:00:00,,,82.41,82.41
2023-04-09 19:15:00,,,81.54,81.54
2023-04-09 19:30:00,,,81.45,81.45
2023-04-09 19:45:00,,,81.97,81.97
2023-04-09 20:00:00,,,71.83,71.83
2023-04-09 20:15:00,,,71.45,71.45
2023-04-09 20:30:00,,,72.48,72.48
2023-04-09 20:45:00,,,71.57,71.57
2023-04-09 21:00:00,,,70.11,70.11
2023-04-09 21:15:00,,,72.39,72.39
2023-04-09 21:30:00,,,70.44,70.44
2023-04-09 21:45:00,,,71.07,71.07
2023-04-09 22:00:00,,,72.79,72.79
2023-04-09 22:15:00,,,70.96,70.96
2023-04-09 22:30:00,,,71.51,71.51
2023-04-09 22:45:00,,,72.29,72.29
2023-04-09 23:00:00,,,71.43,71.43
2023-04-09 23:15:00,,,71.79,71.79
2023-04-09 23:30:00,,,72.27,72.27
2023-04-09 23:45:00,,,71.17,71.17
2023-04-10 00:15:00,,69.86,,69.86
2023-04-10 00:30:00,,68.34,,68.34
2023-04-10 00:45:00,,67.6,,67.6
2023-04-10 01:00:00,,68.52,,68.52
2023-04-10 01:15:00,,66.96,,66.96
2023-04-10 01:30:00,,67.02,,67.02
2023-04-10 01:45:00,,67.79,,67.79
2023-04-10 02:00:00,,65.01,,65.01
2023-04-10 02:15:00,,64.57,,64.57
2023-04-10 02:30:00,,65.58,,65.58
2023-04-10 02:45:00,,64.37,,64.37
2023-04-10 03:00:00,,64.63,,64.63
2023-04-10 03:15:00,,64.35,,64.35
2023-04-10 03:30:00,,61.77,,61.77
2023-04-10 03:45:00,,64.02,,64.02
2023-04-10 04:00:00,,63.89,,63.89
2023-04-10 04:15:00,,61.62,,61.62
2023-04-10 04:30:00,,61.45,,61.45
2023-04-10 04:45:00,,60.83,,60.83
2023-04-10 05:00:00,,60.83,,60.83
2023-04-10 05:15:00,,60.3,,60.3
2023-04-10 05:30:00,,58.88,,58.88
2023-04-10 05:45:00,,58.36,,58.36
2023-04-10 06:00:00,,55.0,,55.0
2023-04-10 06:15:00,,53.86,,53.86
2023-04-10 06:30:00,,53.73,,53.73
2023-04-10 06:45:00,,55.25,,55.25
2023-04-10 07:00:00,,58.16,,58.16
2023-04-10 07:15:00,,58.15,,58.15
2023-04-10 07:30:00,,58.45,,58.45
2023-04-10 07:45:00,,63.66,,63.66
2023-04-10 08:00:00,,70.97,,70.97
2023-04-10 08:15:00,,82.75,,82.75
2023-04-10 08:30:00,,97.84,,97.84
2023-04-10 08:45:00,,119.29,,119.29
2023-04-10 09:00:00,,137.87,,137.87
2023-04-10 09:15:00,162.59,,,162.59
2023-04-10 09:30:00,171.4,,,171.4
2023-04-10 09:45:00,173.26,,,173.26
2023-04-10 10:00:00,191.44,,,191.44
2023-04-10 10:15:00,187.16,,,187.16
2023-04-10 10:30:00,187.53,,,187.53
2023-04-10 10:45:00,187.53,,,187.53
2023-04-10 11:00:00,192.54,,,192.54
2023-04-10 11:15:00,196.92,,,196.92
2023-04-10 11:30:00,182.83,,,182.83
2023-04-10 11:45:00,181.32,,,181.32
2023-04-10 12:00:00,179.57,,,179.57
2023-04-10 12:15:00,179.15,,,179.15
2023-04-10 12:30:00,175.62,,,175.62
2023-04-10 12:45:00,174.69,,,174.69
2023-04-10 13:00:00,177.8,,,177.8
2023-04-10 13:15:00,182.67,,,182.67
2023-04-10 13:30:00,192.18,,,192.18
2023-04-10 13:45:00,190.5,,,190.5
2023-04-10 14:00:00,194.57,,,194.57
2023-04-10 14:15:00,201.54,,,201.54
2023-04-10 14:30:00,198.96,,,198.96
2023-04-10 14:45:00,204.74,,,204.74
2023-04-10 15:00:00,213.22,,,213.22
2023-04-10 15:15:00,208.36,,,208.36
2023-04-10 15:30:00,212.67,,,212.67
2023-04-10 15:45:00,217.92,,,217.92
2023-04-10 16:00:00,215.93,,,215.93
2023-04-10 16:15:00,200.14,,,200.14
2023-04-10 16:30:00,183.41,,,183.41
2023-04-10 16:45:00,157.46,,,157.46
2023-04-10 17:00:00,136.51,,,136.51
2023-04-10 17:15:00,116.72,,,116.72
2023-04-10 17:30:00,97.71,,,97.71
2023-04-10 17:45:00,91.82,,,91.82
2023-04-10 18:00:00,93.82,,,93.82
2023-04-10 18:15:00,87.54,,,87.54
2023-04-10 18:30:00,86.23,,,86.23
2023-04-10 18:45:00,90.25,,,90.25
2023-04-10 19:00:00,89.28,,,89.28
2023-04-10 19:15:00,87.08,,,87.08
2023-04-10 19:30:00,86.61,,,86.61
2023-04-10 19:45:00,81.82,,,81.82
2023-04-10 20:00:00,78.6,,,78.6
2023-04-10 20:15:00,76.49,,,76.49
2023-04-10 20:30:00,72.58,,,72.58
2023-04-10 20:45:00,72.15,,,72.15
2023-04-10 21:00:00,71.98,,,71.98
2023-04-10 21:15:00,71.91,,,71.91
2023-04-10 21:30:00,73.66,,,73.66
2023-04-10 21:45:00,72.92,,,72.92
2023-04-10 22:00:00,72.91,,,72.91
2023-04-10 22:15:00,,76.98,,76.98
2023-04-10 22:30:00,,75.65,,75.65
2023-04-10 22:45:00,,76.51,,76.51
2023-04-10 23:00:00,,77.79,,77.79
2023-04-10 23:15:00,,73.92,,73.92
2023-04-10 23:30:00,,71.45,,71.45
2023-04-10 23:45:00,,73.53,,73.53
2023-04-11 00:15:00,,70.53,,70.53
2023-04-11 00:30:00,,68.4,,68.4
2023-04-11 00:45:00,,68.57,,68.57
2023-04-11 01:00:00,,69.04,,69.04
2023-04-11 01:15:00,,66.39,,66.39
2023-04-11 01:30:00,,68.75,,68.75
2023-04-11 01:45:00,,67.42,,67.42
2023-04-11 02:00:00,,65.1,,65.1
2023-04-11 02:15:00,,65.42,,65.42
2023-04-11 02:30:00,,64.77,,64.77
2023-04-11 02:45:00,,63.82,,63.82
2023-04-11 03:00:00,,64.3,,64.3
2023-04-11 03:15:00,,64.01,,64.01
2023-04-11 03:30:00,,62.18,,62.18
2023-04-11 03:45:00,,63.87,,63.87
2023-04-11 04:00:00,,62.26,,62.26
2023-04-11 04:15:00,,62.05,,62.05
2023-04-11 04:30:00,,63.63,,63.63
2023-04-11 04:45:00,,61.77,,61.77
2023-04-11 05:00:00,,59.78,,59.78
2023-04-11 05:15:00,,62.53,,62.53
2023-04-11 05:30:00,,62.66,,62.66
2023-04-11 05:45:00,,60.32,,60.32
2023-04-11 06:00:00,,60.97,,60.97
2023-04-11 06:15:00,,57.64,,57.64
2023-04-11 06:30:00,,55.74,,55.74
2023-04-11 06:45:00,,57.5,,57.5
2023-04-11 07:00:00,,57.76,,57.76
2023-04-11 07:15:00,,69.58,,69.58
2023-04-11 07:30:00,,71.14,,71.14
2023-04-11 07:45:00,,67.25,,67.25
2023-04-11 08:00:00,,73.03,,73.03
2023-04-11 08:15:00,,94.84,,94.84
2023-04-11 08:30:00,,99.64,,99.64
2023-04-11 08:45:00,,104.89,,104.89
2023-04-11 09:00:00,,106.76,,106.76
2023-04-11 09:15:00,108.14,,,108.14
2023-04-11 09:30:00,110.28,,,110.28
2023-04-11 09:45:00,121.92,,,121.92
2023-04-11 10:00:00,117.37,,,117.37
2023-04-11 10:15:00,120.68,,,120.68
2023-04-11 10:30:00,122.77,,,122.77
2023-04-11 10:45:00,123.57,,,123.57
2023-04-11 11:00:00,121.45,,,121.45
2023-04-11 11:15:00,118.82,,,118.82
2023-04-11 11:30:00,117.57,,,117.57
2023-04-11 11:45:00,116.13,,,116.13
2023-04-11 12:00:00,116.63,,,116.63
2023-04-11 12:15:00,105.33,,,105.33
2023-04-11 12:30:00,106.04,,,106.04
2023-04-11 12:45:00,106.85,,,106.85
2023-04-11 13:00:00,119.18,,,119.18
2023-04-11 13:15:00,120.53,,,120.53
2023-04-11 13:30:00,121.49,,,121.49
2023-04-11 13:45:00,120.84,,,120.84
2023-04-11 14:00:00,122.3,,,122.3
2023-04-11 14:15:00,124.83,,,124.83
2023-04-11 14:30:00,132.7,,,132.7
2023-04-11 14:45:00,141.03,,,141.03
2023-04-11 15:00:00,147.1,,,147.1
2023-04-11 15:15:00,153.86,,,153.86
2023-04-11 15:30:00,153.7,,,153.7
2023-04-11 15:45:00,155.04,,,155.04
2023-04-11 16:00:00,156.27,,,156.27
2023-04-11 16:15:00,154.0,,,154.0
2023-04-11 16:30:00,147.11,,,147.11
2023-04-11 16:45:00,129.43,,,129.43
2023-04-11 17:00:00,113.04,,,113.04
2023-04-11 17:15:00,104.8,,,104.8
2023-04-11 17:30:00,101.26,,,101.26
2023-04-11 17:45:00,95.46,,,95.46
2023-04-11 18:00:00,94.17,,,94.17
2023-04-11 18:15:00,95.98,,,95.98
2023-04-11 18:30:00,96.43,,,96.43
2023-04-11 18:45:00,97.07,,,97.07
2023-04-11 19:00:00,90.98,,,90.98
2023-04-11 19:15:00,87.5,,,87.5
2023-04-11 19:30:00,91.76,,,91.76
2023-04-11 19:45:00,90.17,,,90.17
2023-04-11 20:00:00,80.75,,,80.75
2023-04-11 20:15:00,77.29,,,77.29
2023-04-11 20:30:00,74.91,,,74.91
2023-04-11 20:45:00,71.96,,,71.96
2023-04-11 21:00:00,70.81,,,70.81
2023-04-11 21:15:00,68.46,,,68.46
2023-04-11 21:30:00,68.9,,,68.9
2023-04-11 21:45:00,70.08,,,70.08
2023-04-11 22:00:00,69.65,,,69.65
2023-04-11 22:15:00,,69.94,,69.94
2023-04-11 22:30:00,,68.83,,68.83
2023-04-11 22:45:00,,67.52,,67.52
2023-04-11 23:00:00,,66.54,,66.54
2023-04-11 23:15:00,,64.82,,64.82
2023-04-11 23:30:00,,64.21,,64.21
2023-04-11 23:45:00,,65.79,,65.79
2023-04-12 00:15:00,,63.02,,63.02
2023-04-12 00:30:00,,63.4,,63.4
2023-04-12 00:45:00,,61.76,,61.76
2023-04-12 01:00:00,,63.04,,63.04
2023-04-12 01:15:00,,63.35,,63.35
2023-04-12 01:30:00,,61.63,,61.63
2023-04-12 01:45:00,,62.17,,62.17
2023-04-12 02:00:00,,62.3,,62.3
2023-04-12 02:15:00,,60.32,,60.32
2023-04-12 02:30:00,,61.22,,61.22
2023-04-12 02:45:00,,61.76,,61.76
2023-04-12 03:00:00,,60.0,,60.0
2023-04-12 03:15:00,,60.38,,60.38
2023-04-12 03:30:00,,60.59,,60.59
2023-04-12 03:45:00,,60.36,,60.36
2023-04-12 04:00:00,,61.76,,61.76
2023-04-12 04:15:00,,61.81,,61.81
2023-04-12 04:30:00,,58.97,,58.97
2023-04-12 04:45:00,,60.44,,60.44
2023-04-12 05:00:00,,59.39,,59.39
2023-04-12 05:15:00,,57.52,,57.52
2023-04-12 05:30:00,,57.57,,57.57
2023-04-12 05:45:00,,55.8,,55.8
2023-04-12 06:00:00,,53.38,,53.38
2023-04-12 06:15:00,,52.51,,52.51
2023-04-12 06:30:00,,50.74,,50.74
2023-04-12 06:45:00,,50.44,,50.44
2023-04-12 07:00:00,,48.41,,48.41
2023-04-12 07:15:00,,47.22,,47.22
2023-04-12 07:30:00,,51.25,,51.25
2023-04-12 07:45:00,,54.03,,54.03
2023-04-12 08:00:00,,59.42,,59.42
2023-04-12 08:15:00,,65.01,,65.01
2023-04-12 08:30:00,,78.13,,78.13
2023-04-12 08:45:00,,94.13,,94.13
2023-04-12 09:00:00,,98.82,,98.82
2023-04-12 09:15:00,117.09,,,117.09
2023-04-12 09:30:00,129.7,,,129.7
2023-04-12 09:45:00,132.4,,,132.4
2023-04-12 10:00:00,134.48,,,134.48
2023-04-12 10:15:00,132.75,,,132.75
2023-04-12 10:30:00,144.02,,,144.02
2023-04-12 10:45:00,144.07,,,144.07
2023-04-12 11:00:00,139.04,,,139.04
2023-04-12 11:15:00,139.81,,,139.81
2023-04-12 11:30:00,138.93,,,138.93
2023-04-12 11:45:00,133.86,,,133.86
2023-04-12 12:00:00,129.77,,,129.77
2023-04-12 12:15:00,124.48,,,124.48
2023-04-12 12:30:00,123.84,,,123.84
2023-04-12 12:45:00,120.67,,,120.67
2023-04-12 13:00:00,121.13,,,121.13
2023-04-12 13:15:00,121.19,,,121.19
2023-04-12 13:30:00,121.95,,,121.95
2023-04-12 13:45:00,127.78,,,127.78
2023-04-12 14:00:00,132.0,,,132.0
2023-04-12 14:15:00,135.27,,,135.27
2023-04-12 14:30:00,136.81,,,136.81
2023-04-12 14:45:00,144.18,,,144.18
2023-04-12 15:00:00,140.65,,,140.65
2023-04-12 15:15:00,148.3,,,148.3
2023-04-12 15:30:00,150.84,,,150.84
2023-04-12 15:45:00,149.81,,,149.81
2023-04-12 16:00:00,146.7,,,146.7
2023-04-12 16:15:00,146.01,,,146.01
2023-04-12 16:30:00,138.24,,,138.24
2023-04-12 16:45:00,126.79,,,126.79
2023-04-12 17:00:00,107.81,,,107.81
2023-04-12 17:15:00,93.66,,,93.66
2023-04-12 17:30:00,88.7,,,88.7
2023-04-12 17:45:00,84.45,,,84.45
2023-04-12 18:00:00,83.47,,,83.47
2023-04-12 18:15:00,87.9,,,87.9
2023-04-12 18:30:00,84.49,,,84.49
2023-04-12 18:45:00,85.75,,,85.75
2023-04-12 19:00:00,90.88,,,90.88
2023-04-12 19:15:00,87.14,,,87.14
2023-04-12 19:30:00,81.04,,,81.04
2023-04-12 19:45:00,78.63,,,78.63
2023-04-12 20:00:00,69.8,,,69.8
2023-04-12 20:15:00,67.88,,,67.88
2023-04-12 20:30:00,65.83,,,65.83
2023-04-12 20:45:00,67.58,,,67.58
2023-04-12 21:00:00,71.28,,,71.28
2023-04-12 21:15:00,67.26,,,67.26
2023-04-12 21:30:00,65.65,,,65.65
2023-04-12 21:45:00,66.17,,,66.17
2023-04-12 22:00:00,64.66,,,64.66
2023-04-12 22:15:00,,68.01,,68.01
2023-04-12 22:30:00,,68.93,,68.93
2023-04-12 22:45:00,,65.35,,65.35
2023-04-12 23:00:00,,67.17,,67.17
2023-04-12 23:15:00,,63.24,,63.24
2023-04-12 23:30:00,,61.58,,61.58
2023-04-12 23:45:00,,63.61,,63.61
2023-04-13 00:15:00,,,62.31,62.31
2023-04-13 00:30:00,,,63.08,63.08
2023-04-13 00:45:00,,,61.52,61.52
2023-04-13 01:00:00,,,59.3,59.3
2023-04-13 01:15:00,,,59.6,59.6
2023-04-13 01:30:00,,,58.58,58.58
2023-04-13 01:45:00,,,59.06,59.06
2023-04-13 02:00:00,,,59.89,59.89
2023-04-13 02:15:00,,,59.6,59.6
2023-04-13 02:30:00,,,59.09,59.09
2023-04-13 02:45:00,,,59.09,59.09
2023-04-13 03:00:00,,,58.39,58.39
2023-04-13 03:15:00,,,58.13,58.13
2023-04-13 03:30:00,,,60.11,60.11
2023-04-13 03:45:00,,,57.18,57.18
2023-04-13 04:00:00,,,57.91,57.91
2023-04-13 04:15:00,,,58.0,58.0
2023-04-13 04:30:00,,,56.19,56.19
2023-04-13 04:45:00,,,56.04,56.04
2023-04-13 05:00:00,,,58.01,58.01
2023-04-13 05:15:00,,,56.56,56.56
2023-04-13 05:30:00,,,57.13,57.13
2023-04-13 05:45:00,,,54.88,54.88
2023-04-13 06:00:00,,,51.12,51.12
2023-04-13 06:15:00,,,49.2,49.2
2023-04-13 06:30:00,,,49.89,49.89
2023-04-13 06:45:00,,,46.95,46.95
2023-04-13 07:00:00,,,45.81,45.81
2023-04-13 07:15:00,,,43.07,43.07
2023-04-13 07:30:00,,,39.47,39.47
2023-04-13 07:45:00,,,37.97,37.97
2023-04-13 08:00:00,,,34.2,34.2
2023-04-13 08:15:00,,,30.56,30.56
2023-04-13 08:30:00,,,31.0,31.0
2023-04-13 08:45:00,,,34.36,34.36
2023-04-13 09:00:00,,,29.48,29.48
2023-04-13 09:15:00,,,28.65,28.65
2023-04-13 09:30:00,,,16.86,16.86
2023-04-13 09:45:00,,,12.16,12.16
2023-04-13 10:00:00,,,8.6,8.6
2023-04-13 10:15:00,,,6.58,6.58
2023-04-13 10:30:00,,,8.27,8.27
2023-04-13 10:45:00,,,8.33,8.33
2023-04-13 11:00:00,,,3.84,3.84
2023-04-13 11:15:00,,,0.99,0.99
2023-04-13 11:30:00,,,1.03,1.03
2023-04-13 11:45:00,,,1.71,1.71
2023-04-13 12:00:00,,,4.24,4.24
2023-04-13 12:15:00,,,5.75,5.75
2023-04-13 12:30:00,,,4.08,4.08
2023-04-13 12:45:00,,,2.51,2.51
2023-04-13 13:00:00,,,4.96,4.96
2023-04-13 13:15:00,,,8.86,8.86
2023-04-13 13:30:00,,,9.73,9.73
2023-04-13 13:45:00,,,11.44,11.44
2023-04-13 14:00:00,,,13.91,13.91
2023-04-13 14:15:00,,,20.43,20.43
2023-04-13 14:30:00,,,24.04,24.04
2023-04-13 14:45:00,,,26.62,26.62
2023-04-13 15:00:00,,,31.13,31.13
2023-04-13 15:15:00,,,35.75,35.75
2023-04-13 15:30:00,,,37.9,37.9
2023-04-13 15:45:00,,,41.7,41.7
2023-04-13 16:00:00,,,48.17,48.17
2023-04-13 16:15:00,,,49.68,49.68
2023-04-13 16:30:00,,,52.44,52.44
2023-04-13 16:45:00,,,56.42,56.42
2023-04-13 17:00:00,,,54.06,54.06
2023-04-13 17:15:00,,,55.97,55.97
2023-04-13 17:30:00,,,59.62,59.62
2023-04-13 17:45:00,,,60.15,60.15
2023-04-13 18:00:00,,,65.45,65.45
2023-04-13 18:15:00,,,69.12,69.12
2023-04-13 18:30:00,,,74.41,74.41
2023-04-13 18:45:00,,,78.23,78.23
2023-04-13 19:00:00,,,79.4,79.4
2023-04-13 19:15:00,,,78.84,78.84
2023-04-13 19:30:00,,,75.89,75.89
2023-04-13 19:45:00,,,73.03,73.03
2023-04-13 20:00:00,,,65.5,65.5
2023-04-13 20:15:00,,,65.81,65.81
2023-04-13 20:30:00,,,70.92,70.92
2023-04-13 20:45:00,,,68.96,68.96
2023-04-13 21:00:00,,,67.24,67.24
2023-04-13 21:15:00,,,65.59,65.59
2023-04-13 21:30:00,,,66.18,66.18
2023-04-13 21:45:00,,,65.32,65.32
2023-04-13 22:00:00,,,64.03,64.03
2023-04-13 22:15:00,,,61.77,61.77
2023-04-13 22:30:00,,,63.8,63.8
2023-04-13 22:45:00,,,63.33,63.33
2023-04-13 23:00:00,,,61.36,61.36
2023-04-13 23:15:00,,,62.86,62.86
2023-04-13 23:30:00,,,62.36,62.36
2023-04-13 23:45:00,,,61.57,61.57
2023-04-14 00:15:00,,,61.34,61.34
2023-04-14 00:30:00,,,59.23,59.23
2023-04-14 00:45:00,,,60.72,60.72
2023-04-14 01:00:00,,,60.77,60.77
2023-04-14 01:15:00,,,59.17,59.17
2023-04-14 01:30:00,,,60.49,60.49
2023-04-14 01:45:00,,,60.1,60.1
2023-04-14 02:00:00,,,58.38,58.38
2023-04-14 02:15:00,,,59.96,59.96
2023-04-14 02:30:00,,,60.04,60.04
2023-04-14 02:45:00,,,59.53,59.53
2023-04-14 03:00:00,,,59.97,59.97
2023-04-14 03:15:00,,,59.77,59.77
2023-04-14 03:30:00,,,59.2,59.2
2023-04-14 03:45:00,,,58.9,58.9
2023-04-14 04:00:00,,,57.32,57.32
2023-04-14 04:15:00,,,58.08,58.08
2023-04-14 04:30:00,,,58.68,58.68
2023-04-14 04:45:00,,,57.1,57.1
2023-04-14 05:00:00,,,57.57,57.57
2023-04-14 05:15:00,,,57.71,57.71
2023-04-14 05:30:00,,,55.19,55.19
2023-04-14 05:45:00,,,54.02,54.02
2023-04-14 06:00:00,,,52.52,52.52
2023-04-14 06:15:00,,,49.59,49.59
2023-04-14 06:30:00,,,50.25,50.25
2023-04-14 06:45:00,,,48.39,48.39
2023-04-14 07:00:00,,,46.93,46.93
2023-04-14 07:15:00,,,46.03,46.03
2023-04-14 07:30:00,,,42.6,42.6
2023-04-14 07:45:00,,,34.79,34.79
2023-04-14 08:00:00,,,32.02,32.02
2023-04-14 08:15:00,,,28.59,28.59
2023-04-14 08:30:00,,,21.49,21.49
2023-04-14 08:45:00,,,17.08,17.08
2023-04-14 09:00:00,,,12.97,12.97
2023-04-14 09:15:00,,,9.25,9.25
2023-04-14 09:30:00,,,5.8,5.8
2023-04-14 09:45:00,,,2.43,2.43
2023-04-14 10:00:00,,,0.0,0.0
2023-04-14 10:15:00,,,0.0,0.0
2023-04-14 10:30:00,,,0.0,0.0
2023-04-14 10:45:00,,,0.0,0.0
2023-04-14 11:00:00,,,0.0,0.0
2023-04-14 11:15:00,,,0.0,0.0
2023-04-14 11:30:00,,,0.0,0.0
2023-04-14 11:45:00,,,0.0,0.0
2023-04-14 12:00:00,,,0.0,0.0
2023-04-14 12:15:00,,,0.0,0.0
2023-04-14 12:30:00,,,0.0,0.0
2023-04-14 12:45:00,,,0.0,0.0
2023-04-14 13:00:00,,,0.0,0.0
2023-04-14 13:15:00,,,0.0,0.0
2023-04-14 13:30:00,,,0.0,0.0
2023-04-14 13:45:00,,,0.04,0.04
2023-04-14 14:00:00,,,2.37,2.37
2023-04-14 14:15:00,,,3.19,3.19
2023-04-14 14:30:00,,,4.35,4.35
2023-04-14 14:45:00,,,8.31,8.31
2023-04-14 15:00:00,,,11.93,11.93
2023-04-14 15:15:00,,,14.97,14.97
2023-04-14 15:30:00,,,18.9,18.9
2023-04-14 15:45:00,,,22.53,22.53
2023-04-14 16:00:00,,,27.47,27.47
2023-04-14 16:15:00,,,32.91,32.91
2023-04-14 16:30:00,,,35.66,35.66
2023-04-14 16:45:00,,,40.55,40.55
2023-04-14 17:00:00,,,44.71,44.71
2023-04-14 17:15:00,,,47.94,47.94
2023-04-14 17:30:00,,,54.7,54.7
2023-04-14 17:45:00,,,57.01,57.01
2023-04-14 18:00:00,,,56.44,56.44
2023-04-14 18:15:00,,,59.29,59.29
2023-04-14 18:30:00,,,63.45,63.45
2023-04-14 18:45:00,,,68.59,68.59
2023-04-14 19:00:00,,,70.28,70.28
2023-04-14 19:15:00,,,70.44,70.44
2023-04-14 19:30:00,,,68.16,68.16
2023-04-14 19:45:00,,,65.28,65.28
2023-04-14 20:00:00,,,62.36,62.36
2023-04-14 20:15:00,,,65.12,65.12
2023-04-14 20:30:00,,,63.02,63.02
2023-04-14 20:45:00,,,61.94,61.94
2023-04-14 21:00:00,,,64.33,64.33
2023-04-14 21:15:00,,,62.15,62.15
2023-04-14 21:30:00,,,61.25,61.25
2023-04-14 21:45:00,,,64.33,64.33
2023-04-14 22:00:00,,,61.04,61.04
2023-04-14 22:15:00,,,60.71,60.71
2023-04-14 22:30:00,,,63.25,63.25
2023-04-14 22:45:00,,,58.4,58.4
2023-04-14 23:00:00,,,59.19,59.19
2023-04-14 23:15:00,,,64.12,64.12
2023-04-14 23:30:00,,,61.21,61.21
2023-04-14 23:45:00,,,60.29,60.29
2023-04-15 00:15:00,,,60.49,60.49
2023-04-15 00:30:00,,,56.11,56.11
2023-04-15 00:45:00,,,55.05,55.05
2023-04-15 01:00:00,,,56.14,56.14
2023-04-15 01:15:00,,,56.74,56.74
2023-04-15 01:30:00,,,55.29,55.29
2023-04-15 01:45:00,,,56.14,56.14
2023-04-15 02:00:00,,,54.45,54.45
2023-04-15 02:15:00,,,53.91,53.91
2023-04-15 02:30:00,,,55.66,55.66
2023-04-15 02:45:00,,,54.22,54.22
2023-04-15 03:00:00,,,54.08,54.08
2023-04-15 03:15:00,,,55.31,55.31
2023-04-15 03:30:00,,,53.88,53.88
2023-04-15 03:45:00,,,53.32,53.32
2023-04-15 04:00:00,,,54.33,54.33
2023-04-15 04:15:00,,,53.86,53.86
2023-04-15 04:30:00,,,53.53,53.53
2023-04-15 04:45:00,,,53.99,53.99
2023-04-15 05:00:00,,,52.93,52.93
2023-04-15 05:15:00,,,53.28,53.28
2023-04-15 05:30:00,,,53.91,53.91
2023-04-15 05:45:00,,,51.2,51.2
2023-04-15 06:00:00,,,49.3,49.3
2023-04-15 06:15:00,,,52.88,52.88
2023-04-15 06:30:00,,,47.88,47.88
2023-04-15 06:45:00,,,45.37,45.37
2023-04-15 07:00:00,,,45.55,45.55
2023-04-15 07:15:00,,,40.88,40.88
2023-04-15 07:30:00,,,38.47,38.47
2023-04-15 07:45:00,,,36.64,36.64
2023-04-15 08:00:00,,,31.77,31.77
2023-04-15 08:15:00,,,30.79,30.79
2023-04-15 08:30:00,,,28.05,28.05
2023-04-15 08:45:00,,,22.04,22.04
2023-04-15 09:00:00,,,18.31,18.31
2023-04-15 09:15:00,,,16.69,16.69
2023-04-15 09:30:00,,,12.53,12.53
2023-04-15 09:45:00,,,10.99,10.99
2023-04-15 10:00:00,,,4.34,4.34
2023-04-15 10:15:00,,,1.44,1.44
2023-04-15 10:30:00,,,0.56,0.56
2023-04-15 10:45:00,,,0.06,0.06
2023-04-15 11:00:00,,,0.03,0.03
2023-04-15 11:15:00,,,0.01,0.01
2023-04-15 11:30:00,,,0.05,0.05
2023-04-15 11:45:00,,,0.17,0.17
2023-04-15 12:00:00,,,0.23,0.23
2023-04-15 12:15:00,,,0.16,0.16
2023-04-15 12:30:00,,,0.02,0.02
2023-04-15 12:45:00,,,1.05,1.05
2023-04-15 13:00:00,,,0.9,0.9
2023-04-15 13:15:00,,,1.75,1.75
2023-04-15 13:30:00,,,5.6,5.6
2023-04-15 13:45:00,,,7.2,7.2
2023-04-15 14:00:00,,,7.68,7.68
2023-04-15 14:15:00,,,11.59,11.59
2023-04-15 14:30:00,,,13.18,13.18
2023-04-15 14:45:00,,,17.26,17.26
2023-04-15 15:00:00,,,20.6,20.6
2023-04-15 15:15:00,,,24.03,24.03
2023-04-15 15:30:00,,,29.4,29.4
2023-04-15 15:45:00,,,33.98,33.98
2023-04-15 16:00:00,,,36.08,36.08
2023-04-15 16:15:00,,,39.22,39.22
2023-04-15 16:30:00,,,43.32,43.32
2023-04-15 16:45:00,,,45.91,45.91
2023-04-15 17:00:00,,,45.65,45.65
2023-04-15 17:15:00,,,50.77,50.77
2023-04-15 17:30:00,,,52.61,52.61
2023-04-15 17:45:00,,,54.86,54.86
2023-04-15 18:00:00,,,56.57,56.57
2023-04-15 18:15:00,,,57.04,57.04
2023-04-15 18:30:00,,,62.86,62.86
2023-04-15 18:45:00,,,69.15,69.15
2023-04-15 19:00:00,,,67.81,67.81
2023-04-15 19:15:00,,,68.65,68.65
2023-04-15 19:30:00,,,71.39,71.39
2023-04-15 19:45:00,,,69.02,69.02
2023-04-15 20:00:00,,,63.72,63.72
2023-04-15 20:15:00,,,64.22,64.22
2023-04-15 20:30:00,,,65.34,65.34
2023-04-15 20:45:00,,,64.71,64.71
2023-04-15 21:00:00,,,62.23,62.23
2023-04-15 21:15:00,,,60.37,60.37
2023-04-15 21:30:00,,,61.09,61.09
2023-04-15 21:45:00,,,66.46,66.46
2023-04-15 22:00:00,,,62.61,62.61
2023-04-15 22:15:00,,,58.0,58.0
2023-04-15 22:30:00,,,58.51,58.51
2023-04-15 22:45:00,,,61.13,61.13
2023-04-15 23:00:00,,,59.33,59.33
2023-04-15 23:15:00,,,59.21,59.21
2023-04-15 23:30:00,,,61.01,61.01
2023-04-15 23:45:00,,,59.04,59.04
2023-04-16 00:15:00,,,59.36,59.36
2023-04-16 00:30:00,,,57.17,57.17
2023-04-16 00:45:00,,,57.75,57.75
2023-04-16 01:00:00,,,55.62,55.62
2023-04-16 01:15:00,,,57.43,57.43
2023-04-16 01:30:00,,,56.24,56.24
2023-04-16 01:45:00,,,54.73,54.73
2023-04-16 02:00:00,,,56.11,56.11
2023-04-16 02:15:00,,,54.5,54.5
2023-04-16 02:30:00,,,53.16,53.16
2023-04-16 02:45:00,,,54.81,54.81
2023-04-16 03:00:00,,,53.68,53.68
2023-04-16 03:15:00,,,53.7,53.7
2023-04-16 03:30:00,,,55.53,55.53
2023-04-16 03:45:00,,,54.54,54.54
2023-04-16 04:00:00,,,52.66,52.66
2023-04-16 04:15:00,,,54.71,54.71
2023-04-16 04:30:00,,,53.32,53.32
2023-04-16 04:45:00,,,54.28,54.28
2023-04-16 05:00:00,,,56.38,56.38
2023-04-16 05:15:00,,,58.03,58.03
2023-04-16 05:30:00,,,57.19,57.19
2023-04-16 05:45:00,,,56.49,56.49
2023-04-16 06:00:00,,,53.73,53.73
2023-04-16 06:15:00,,,49.04,49.04
2023-04-16 06:30:00,,,48.28,48.28
2023-04-16 06:45:00,,,45.49,45.49
2023-04-16 07:00:00,,,44.64,44.64
2023-04-16 07:15:00,,,43.61,43.61
2023-04-16 07:30:00,,,39.24,39.24
2023-04-16 07:45:00,,,37.98,37.98
2023-04-16 08:00:00,,,36.81,36.81
2023-04-16 08:15:00,,,31.12,31.12
2023-04-16 08:30:00,,,29.04,29.04
2023-04-16 08:45:00,,,26.0,26.0
2023-04-16 09:00:00,,,20.41,20.41
2023-04-16 09:15:00,,,20.75,20.75
2023-04-16 09:30:00,,,20.75,20.75
2023-04-16 09:45:00,,,16.99,16.99
2023-04-16 10:00:00,,,13.53,13.53
2023-04-16 10:15:00,,,7.77,7.77
2023-04-16 10:30:00,,,6.81,6.81
2023-04-16 10:45:00,,,5.41,5.41
2023-04-16 11:00:00,,,5.92,5.92
2023-04-16 11:15:00,,,4.17,4.17
2023-04-16 11:30:00,,,2.51,2.51
2023-04-16 11:45:00,,,2.98,2.98
2023-04-16 12:00:00,,,2.43,2.43
2023-04-16 12:15:00,,,3.25,3.25
2023-04-16 12:30:00,,,3.09,3.09
2023-04-16 12:45:00,,,3.05,3.05
2023-04-16 13:00:00,,,6.18,6.18
2023-04-16 13:15:00,,,4.82,4.82
2023-04-16 13:30:00,,,8.54,8.54
2023-04-16 13:45:00,,,13.5,13.5
2023-04-16 14:00:00,,,15.01,15.01
2023-04-16 14:15:00,,,14.74,14.74
2023-04-16 14:30:00,,,19.21,19.21
2023-04-16 14:45:00,,,22.24,22.24
2023-04-16 15:00:00,,,24.92,24.92
2023-04-16 15:15:00,,,28.71,28.71
2023-04-16 15:30:00,,,35.09,35.09
2023-04-16 15:45:00,,,38.0,38.0
2023-04-16 16:00:00,,,41.3,41.3
2023-04-16 16:15:00,,,45.95,45.95
2023-04-16 16:30:00,,,48.25,48.25
2023-04-16 16:45:00,,,55.59,55.59
2023-04-16 17:00:00,,,57.47,57.47
2023-04-16 17:15:00,,,56.66,56.66
2023-04-16 17:30:00,,,55.71,55.71
2023-04-16 17:45:00,,,60.06,60.06
2023-04-16 18:00:00,,,60.88,60.88
2023-04-16 18:15:00,,,61.5,61.5
2023-04-16 18:30:00,,,63.63,63.63
2023-04-16 18:45:00,,,69.93,69.93
2023-04-16 19:00:00,,,72.36,72.36
2023-04-16 19:15:00,,,74.53,74.53
2023-04-16 19:30:00,,,73.53,73.53
2023-04-16 19:45:00,,,69.88,69.88
2023-04-16 20:00:00,,,68.41,68.41
2023-04-16 20:15:00,,,65.33,65.33
2023-04-16 20:30:00,,,65.28,65.28
2023-04-16 20:45:00,,,63.05,63.05
2023-04-16 21:00:00,,,65.01,65.01
2023-04-16 21:15:00,,,67.52,67.52
2023-04-16 21:30:00,,,63.85,63.85
2023-04-16 21:45:00,,,65.03,65.03
2023-04-16 22:00:00,,,66.8,66.8
2023-04-16 22:15:00,,,64.2,64.2
2023-04-16 22:30:00,,,66.08,66.08
2023-04-16 22:45:00,,,66.58,66.58
2023-04-16 23:00:00,,,64.35,64.35
2023-04-16 23:15:00,,,65.34,65.34
2023-04-16 23:30:00,,,65.55,65.55
2023-04-16 23:45:00,,,63.18,63.18
2023-04-17 00:15:00,,63.94,,63.94
2023-04-17 00:30:00,,62.3,,62.3
2023-04-17 00:45:00,,64.02,,64.02
2023-04-17 01:00:00,,63.0,,63.0
2023-04-17 01:15:00,,60.95,,60.95
2023-04-17 01:30:00,,62.4,,62.4
2023-04-17 01:45:00,,62.07,,62.07
2023-04-17 02:00:00,,60.22,,60.22
2023-04-17 02:15:00,,62.6,,62.6
2023-04-17 02:30:00,,61.29,,61.29
2023-04-17 02:45:00,,59.94,,59.94
2023-04-17 03:00:00,,61.53,,61.53
2023-04-17 03:15:00,,60.14,,60.14
2023-04-17 03:30:00,,59.38,,59.38
2023-04-17 03:45:00,,60.85,,60.85
2023-04-17 04:00:00,,59.44,,59.44
2023-04-17 04:15:00,,58.51,,58.51
2023-04-17 04:30:00,,59.82,,59.82
2023-04-17 04:45:00,,57.68,,57.68
2023-04-17 05:00:00,,57.96,,57.96
2023-04-17 05:15:00,,59.21,,59.21
2023-04-17 05:30:00,,58.86,,58.86
2023-04-17 05:45:00,,57.97,,57.97
2023-04-17 06:00:00,,54.24,,54.24
2023-04-17 06:15:00,,52.67,,52.67
2023-04-17 06:30:00,,51.42,,51.42
2023-04-17 06:45:00,,51.62,,51.62
2023-04-17 07:00:00,,46.56,,46.56
2023-04-17 07:15:00,,43.56,,43.56
2023-04-17 07:30:00,,41.76,,41.76
2023-04-17 07:45:00,,41.42,,41.42
2023-04-17 08:00:00,,45.44,,45.44
2023-04-17 08:15:00,,41.58,,41.58
2023-04-17 08:30:00,,35.38,,35.38
2023-04-17 08:45:00,,32.91,,32.91
2023-04-17 09:00:00,,29.01,,29.01
2023-04-17 09:15:00,25.34,,,25.34
2023-04-17 09:30:00,21.7,,,21.7
2023-04-17 09:45:00,19.84,,,19.84
2023-04-17 10:00:00,19.36,,,19.36
2023-04-17 10:15:00,27.9,,,27.9
2023-04-17 10:30:00,29.01,,,29.01
2023-04-17 10:45:00,29.47,,,29.47
2023-04-17 11:00:00,27.94,,,27.94
2023-04-17 11:15:00,23.63,,,23.63
2023-04-17 11:30:00,20.69,,,20.69
2023-04-17 11:45:00,19.45,,,19.45
2023-04-17 12:00:00,18.97,,,18.97
2023-04-17 12:15:00,17.22,,,17.22
2023-04-17 12:30:00,19.78,,,19.78
2023-04-17 12:45:00,22.57,,,22.57
2023-04-17 13:00:00,20.29,,,20.29
2023-04-17 13:15:00,24.78,,,24.78
2023-04-17 13:30:00,27.72,,,27.72
2023-04-17 13:45:00,29.57,,,29.57
2023-04-17 14:00:00,33.55,,,33.55
2023-04-17 14:15:00,30.49,,,30.49
2023-04-17 14:30:00,31.84,,,31.84
2023-04-17 14:45:00,34.19,,,34.19
2023-04-17 15:00:00,36.9,,,36.9
2023-04-17 15:15:00,41.12,,,41.12
2023-04-17 15:30:00,48.42,,,48.42
2023-04-17 15:45:00,55.49,,,55.49
2023-04-17 16:00:00,55.34,,,55.34
2023-04-17 16:15:00,54.11,,,54.11
2023-04-17 16:30:00,60.64,,,60.64
2023-04-17 16:45:00,62.38,,,62.38
2023-04-17 17:00:00,61.46,,,61.46
2023-04-17 17:15:00,62.35,,,62.35
2023-04-17 17:30:00,61.92,,,61.92
2023-04-17 17:45:00,60.65,,,60.65
2023-04-17 18:00:00,61.89,,,61.89
2023-04-17 18:15:00,66.59,,,66.59
2023-04-17 18:30:00,66.28,,,66.28
2023-04-17 18:45:00,73.02,,,73.02
2023-04-17 19:00:00,72.09,,,72.09
2023-04-17 19:15:00,70.71,,,70.71
2023-04-17 19:30:00,70.48,,,70.48
2023-04-17 19:45:00,70.01,,,70.01
2023-04-17 20:00:00,71.35,,,71.35
2023-04-17 20:15:00,69.68,,,69.68
2023-04-17 20:30:00,67.54,,,67.54
2023-04-17 20:45:00,67.79,,,67.79
2023-04-17 21:00:00,66.08,,,66.08
2023-04-17 21:15:00,69.24,,,69.24
2023-04-17 21:30:00,73.62,,,73.62
2023-04-17 21:45:00,72.06,,,72.06
2023-04-17 22:00:00,73.54,,,73.54
2023-04-17 22:15:00,,74.04,,74.04
2023-04-17 22:30:00,,72.93,,72.93
2023-04-17 22:45:00,,72.92,,72.92
2023-04-17 23:00:00,,73.27,,73.27
2023-04-17 23:15:00,,71.29,,71.29
2023-04-17 23:30:00,,73.39,,73.39
2023-04-17 23:45:00,,72.97,,72.97
2023-04-18 00:15:00,,70.34,,70.34
2023-04-18 00:30:00,,69.47,,69.47
2023-04-18 00:45:00,,66.78,,66.78
2023-04-18 01:00:00,,68.46,,68.46
2023-04-18 01:15:00,,67.51,,67.51
2023-04-18 01:30:00,,66.77,,66.77
2023-04-18 01:45:00,,67.14,,67.14
2023-04-18 02:00:00,,66.19,,66.19
2023-04-18 02:15:00,,64.9,,64.9
2023-04-18 02:30:00,,66.36,,66.36
2023-04-18 02:45:00,,64.9,,64.9
2023-04-18 03:00:00,,64.47,,64.47
2023-04-18 03:15:00,,65.45,,65.45
2023-04-18 03:30:00,,64.04,,64.04
2023-04-18 03:45:00,,64.11,,64.11
2023-04-18 04:00:00,,64.05,,64.05
2023-04-18 04:15:00,,63.06,,63.06
2023-04-18 04:30:00,,62.54,,62.54
2023-04-18 04:45:00,,63.19,,63.19
2023-04-18 05:00:00,,61.5,,61.5
2023-04-18 05:15:00,,62.83,,62.83
2023-04-18 05:30:00,,62.14,,62.14
2023-04-18 05:45:00,,59.79,,59.79
2023-04-18 06:00:00,,56.64,,56.64
2023-04-18 06:15:00,,58.28,,58.28
2023-04-18 06:30:00,,58.82,,58.82
2023-04-18 06:45:00,,59.07,,59.07
2023-04-18 07:00:00,,59.78,,59.78
2023-04-18 07:15:00,,59.18,,59.18
2023-04-18 07:30:00,,71.47,,71.47
2023-04-18 07:45:00,,79.54,,79.54
2023-04-18 08:00:00,,98.47,,98.47
2023-04-18 08:15:00,,131.42,,131.42
2023-04-18 08:30:00,,154.37,,154.37
2023-04-18 08:45:00,,195.63,,195.63
2023-04-18 09:00:00,,239.36,,239.36
2023-04-18 09:15:00,259.12,,,259.12
2023-04-18 09:30:00,267.06,,,267.06
2023-04-18 09:45:00,282.42,,,282.42
2023-04-18 10:00:00,286.18,,,286.18
2023-04-18 10:15:00,300.84,,,300.84
2023-04-18 10:30:00,309.14,,,309.14
2023-04-18 10:45:00,312.31,,,312.31
2023-04-18 11:00:00,306.97,,,306.97
2023-04-18 11:15:00,307.0,,,307.0
2023-04-18 11:30:00,318.36,,,318.36
2023-04-18 11:45:00,312.49,,,312.49
2023-04-18 12:00:00,309.86,,,309.86
2023-04-18 12:15:00,314.35,,,314.35
2023-04-18 12:30:00,311.59,,,311.59
2023-04-18 12:45:00,302.95,,,302.95
2023-04-18 13:00:00,315.28,,,315.28
2023-04-18 13:15:00,325.36,,,325.36
2023-04-18 13:30:00,334.94,,,334.94
2023-04-18 13:45:00,350.35,,,350.35
2023-04-18 14:00:00,384.09,,,384.09
2023-04-18 14:15:00,397.17,,,397.17
2023-04-18 14:30:00,403.43,,,403.43
2023-04-18 14:45:00,412.98,,,412.98
2023-04-18 15:00:00,405.96,,,405.96
2023-04-18 15:15:00,398.2,,,398.2
2023-04-18 15:30:00,392.38,,,392.38
2023-04-18 15:45:00,379.61,,,379.61
2023-04-18 16:00:00,371.85,,,371.85
2023-04-18 16:15:00,344.74,,,344.74
2023-04-18 16:30:00,296.93,,,296.93
2023-04-18 16:45:00,246.31,,,246.31
2023-04-18 17:00:00,197.63,,,197.63
2023-04-18 17:15:00,152.7,,,152.7
2023-04-18 17:30:00,132.35,,,132.35
2023-04-18 17:45:00,121.42,,,121.42
2023-04-18 18:00:00,113.91,,,113.91
2023-04-18 18:15:00,107.39,,,107.39
2023-04-18 18:30:00,107.42,,,107.42
2023-04-18 18:45:00,112.78,,,112.78
2023-04-18 19:00:00,106.89,,,106.89
2023-04-18 19:15:00,100.33,,,100.33
2023-04-18 19:30:00,97.8,,,97.8
2023-04-18 19:45:00,92.0,,,92.0
2023-04-18 20:00:00,86.39,,,86.39
2023-04-18 20:15:00,83.32,,,83.32
2023-04-18 20:30:00,81.7,,,81.7
2023-04-18 20:45:00,85.48,,,85.48
2023-04-18 21:00:00,87.94,,,87.94
2023-04-18 21:15:00,83.98,,,83.98
2023-04-18 21:30:00,83.18,,,83.18
2023-04-18 21:45:00,83.1,,,83.1
2023-04-18 22:00:00,82.13,,,82.13
2023-04-18 22:15:00,,82.37,,82.37
2023-04-18 22:30:00,,84.55,,84.55
2023-04-18 22:45:00,,82.83,,82.83
2023-04-18 23:00:00,,81.33,,81.33
2023-04-18 23:15:00,,81.02,,81.02
2023-04-18 23:30:00,,79.25,,79.25
2023-04-18 23:45:00,,80.69,,80.69
2023-04-19 00:15:00,,76.36,,76.36
2023-04-19 00:30:00,,77.56,,77.56
2023-04-19 00:45:00,,76.76,,76.76
2023-04-19 01:00:00,,75.46,,75.46
2023-04-19 01:15:00,,76.77,,76.77
2023-04-19 01:30:00,,75.83,,75.83
2023-04-19 01:45:00,,73.38,,73.38
2023-04-19 02:00:00,,76.67,,76.67
2023-04-19 02:15:00,,74.77,,74.77
2023-04-19 02:30:00,,74.32,,74.32
2023-04-19 02:45:00,,75.16,,75.16
2023-04-19 03:00:00,,73.18,,73.18
2023-04-19 03:15:00,,72.84,,72.84
2023-04-19 03:30:00,,73.33,,73.33
2023-04-19 03:45:00,,72.87,,72.87
2023-04-19 04:00:00,,70.98,,70.98
2023-04-19 04:15:00,,72.44,,72.44
2023-04-19 04:30:00,,72.22,,72.22
2023-04-19 04:45:00,,70.8,,70.8
2023-04-19 05:00:00,,71.12,,71.12
2023-04-19 05:15:00,,69.82,,69.82
2023-04-19 05:30:00,,68.95,,68.95
2023-04-19 05:45:00,,69.41,,69.41
2023-04-19 06:00:00,,66.68,,66.68
2023-04-19 06:15:00,,64.83,,64.83
2023-04-19 06:30:00,,62.66,,62.66
2023-04-19 06:45:00,,61.69,,61.69
2023-04-19 07:00:00,,60.73,,60.73
2023-04-19 07:15:00,,69.12,,69.12
2023-04-19 07:30:00,,89.34,,89.34
2023-04-19 07:45:00,,106.63,,106.63
2023-04-19 08:00:00,,132.54,,132.54
2023-04-19 08:15:00,,150.86,,150.86
2023-04-19 08:30:00,,183.91,,183.91
2023-04-19 08:45:00,,216.98,,216.98
2023-04-19 09:00:00,,247.74,,247.74
2023-04-19 09:15:00,280.41,,,280.41
2023-04-19 09:30:00,291.96,,,291.96
2023-04-19 09:45:00,310.18,,,310.18
2023-04-19 10:00:00,316.06,,,316.06
2023-04-19 10:15:00,328.37,,,328.37
2023-04-19 10:30:00,332.56,,,332.56
2023-04-19 10:45:00,331.42,,,331.42
2023-04-19 11:00:00,327.5,,,327.5
2023-04-19 11:15:00,326.95,,,326.95
2023-04-19 11:30:00,345.29,,,345.29
2023-04-19 11:45:00,354.92,,,354.92
2023-04-19 12:00:00,351.85,,,351.85
2023-04-19 12:15:00,336.69,,,336.69
2023-04-19 12:30:00,332.4,,,332.4
2023-04-19 12:45:00,325.16,,,325.16
2023-04-19 13:00:00,327.25,,,327.25
2023-04-19 13:15:00,344.99,,,344.99
2023-04-19 13:30:00,355.83,,,355.83
2023-04-19 13:45:00,354.51,,,354.51
2023-04-19 14:00:00,358.07,,,358.07
2023-04-19 14:15:00,369.76,,,369.76
2023-04-19 14:30:00,371.73,,,371.73
2023-04-19 14:45:00,377.13,,,377.13
2023-04-19 15:00:00,388.93,,,388.93
2023-04-19 15:15:00,382.2,,,382.2
2023-04-19 15:30:00,370.61,,,370.61
2023-04-19 15:45:00,368.43,,,368.43
2023-04-19 16:00:00,354.87,,,354.87
2023-04-19 16:15:00,319.14,,,319.14
2023-04-19 16:30:00,270.95,,,270.95
2023-04-19 16:45:00,220.46,,,220.46
2023-04-19 17:00:00,179.76,,,179.76
2023-04-19 17:15:00,141.75,,,141.75
2023-04-19 17:30:00,115.97,,,115.97
2023-04-19 17:45:00,103.74,,,103.74
2023-04-19 18:00:00,104.32,,,104.32
2023-04-19 18:15:00,101.49,,,101.49
2023-04-19 18:30:00,96.06,,,96.06
2023-04-19 18:45:00,100.0,,,100.0
2023-04-19 19:00:00,99.54,,,99.54
2023-04-19 19:15:00,100.24,,,100.24
2023-04-19 19:30:00,96.19,,,96.19
2023-04-19 19:45:00,93.62,,,93.62
2023-04-19 20:00:00,92.99,,,92.99
2023-04-19 20:15:00,84.02,,,84.02
2023-04-19 20:30:00,80.05,,,80.05
2023-04-19 20:45:00,85.27,,,85.27
2023-04-19 21:00:00,83.46,,,83.46
2023-04-19 21:15:00,83.44,,,83.44
2023-04-19 21:30:00,81.74,,,81.74
2023-04-19 21:45:00,80.62,,,80.62
2023-04-19 22:00:00,80.89,,,80.89
2023-04-19 22:15:00,,78.19,,78.19
2023-04-19 22:30:00,,82.52,,82.52
2023-04-19 22:45:00,,78.65,,78.65
2023-04-19 23:00:00,,76.83,,76.83
2023-04-19 23:15:00,,77.9,,77.9
2023-04-19 23:30:00,,76.0,,76.0
2023-04-19 23:45:00,,74.82,,74.82
2023-04-20 00:15:00,,72.97,,72.97
2023-04-20 00:30:00,,74.17,,74.17
2023-04-20 00:45:00,,74.95,,74.95
2023-04-20 01:00:00,,72.49,,72.49
2023-04-20 01:15:00,,72.38,,72.38
2023-04-20 01:30:00,,75.69,,75.69
2023-04-20 01:45:00,,73.94,,73.94
2023-04-20 02:00:00,,77.24,,77.24
2023-04-20 02:15:00,,76.65,,76.65
2023-04-20 02:30:00,,75.4,,75.4
2023-04-20 02:45:00,,73.62,,73.62
2023-04-20 03:00:00,,71.92,,71.92
2023-04-20 03:15:00,,68.9,,68.9
2023-04-20 03:30:00,,70.08,,70.08
2023-04-20 03:45:00,,70.1,,70.1
2023-04-20 04:00:00,,67.34,,67.34
2023-04-20 04:15:00,,69.14,,69.14
2023-04-20 04:30:00,,68.33,,68.33
2023-04-20 04:45:00,,67.05,,67.05
2023-04-20 05:00:00,,66.59,,66.59
2023-04-20 05:15:00,,66.44,,66.44
2023-04-20 05:30:00,,64.58,,64.58
2023-04-20 05:45:00,,65.58,,65.58
2023-04-20 06:00:00,,61.88,,61.88
2023-04-20 06:15:00,,57.3,,57.3
2023-04-20 06:30:00,,60.61,,60.61
2023-04-20 06:45:00,,60.42,,60.42
2023-04-20 07:00:00,,60.01,,60.01
2023-04-20 07:15:00,,79.19,,79.19
2023-04-20 07:30:00,,110.35,,110.35
2023-04-20 07:45:00,,117.14,,117.14
2023-04-20 08:00:00,,135.55,,135.55
2023-04-20 08:15:00,,151.13,,151.13
2023-04-20 08:30:00,,183.76,,183.76
2023-04-20 08:45:00,,225.02,,225.02
2023-04-20 09:00:00,,260.18,,260.18
2023-04-20 09:15:00,282.2,,,282.2
2023-04-20 09:30:00,294.79,,,294.79
2023-04-20 09:45:00,299.19,,,299.19
2023-04-20 10:00:00,315.74,,,315.74
2023-04-20 10:15:00,333.9,,,333.9
2023-04-20 10:30:00,326.51,,,326.51
2023-04-20 10:45:00,321.59,,,321.59
2023-04-20 11:00:00,325.27,,,325.27
2023-04-20 11:15:00,327.93,,,327.93
2023-04-20 11:30:00,328.14,,,328.14
2023-04-20 11:45:00,319.73,,,319.73
2023-04-20 12:00:00,320.42,,,320.42
2023-04-20 12:15:00,312.01,,,312.01
2023-04-20 12:30:00,309.3,,,309.3
2023-04-20 12:45:00,324.6,,,324.6
2023-04-20 13:00:00,332.68,,,332.68
2023-04-20 13:15:00,331.19,,,331.19
2023-04-20 13:30:00,340.92,,,340.92
2023-04-20 13:45:00,352.38,,,352.38
2023-04-20 14:00:00,353.32,,,353.32
2023-04-20 14:15:00,351.95,,,351.95
2023-04-20 14:30:00,351.91,,,351.91
2023-04-20 14:45:00,354.4,,,354.4
2023-04-20 15:00:00,344.19,,,344.19
2023-04-20 15:15:00,334.99,,,334.99
2023-04-20 15:30:00,336.15,,,336.15
2023-04-20 15:45:00,332.73,,,332.73
2023-04-20 16:00:00,315.59,,,315.59
2023-04-20 16:15:00,290.42,,,290.42
2023-04-20 16:30:00,252.5,,,252.5
2023-04-20 16:45:00,211.43,,,211.43
2023-04-20 17:00:00,167.52,,,167.52
2023-04-20 17:15:00,131.39,,,131.39
2023-04-20 17:30:00,116.56,,,116.56
2023-04-20 17:45:00,105.84,,,105.84
2023-04-20 18:00:00,94.7,,,94.7
2023-04-20 18:15:00,90.1,,,90.1
2023-04-20 18:30:00,92.98,,,92.98
2023-04-20 18:45:00,98.07,,,98.07
2023-04-20 19:00:00,95.29,,,95.29
2023-04-20 19:15:00,91.62,,,91.62
2023-04-20 19:30:00,91.08,,,91.08
2023-04-20 19:45:00,86.61,,,86.61
2023-04-20 20:00:00,83.55,,,83.55
2023-04-20 20:15:00,82.27,,,82.27
2023-04-20 20:30:00,76.35,,,76.35
2023-04-20 20:45:00,76.41,,,76.41
2023-04-20 21:00:00,77.68,,,77.68
2023-04-20 21:15:00,79.35,,,79.35
2023-04-20 21:30:00,81.41,,,81.41
2023-04-20 21:45:00,80.52,,,80.52
2023-04-20 22:00:00,81.45,,,81.45
2023-04-20 22:15:00,,80.62,,80.62
2023-04-20 22:30:00,,79.2,,79.2
2023-04-20 22:45:00,,78.25,,78.25
2023-04-20 23:00:00,,76.89,,76.89
2023-04-20 23:15:00,,77.91,,77.91
2023-04-20 23:30:00,,78.13,,78.13
2023-04-20 23:45:00,,76.81,,76.81
2023-04-21 00:15:00,,76.03,,76.03
2023-04-21 00:30:00,,73.15,,73.15
2023-04-21 00:45:00,,74.45,,74.45
2023-04-21 01:00:00,,73.38,,73.38
2023-04-21 01:15:00,,72.62,,72.62
2023-04-21 01:30:00,,72.77,,72.77
2023-04-21 01:45:00,,71.88,,71.88
2023-04-21 02:00:00,,70.67,,70.67
2023-04-21 02:15:00,,70.06,,70.06
2023-04-21 02:30:00,,69.66,,69.66
2023-04-21 02:45:00,,68.69,,68.69
2023-04-21 03:00:00,,70.34,,70.34
2023-04-21 03:15:00,,69.18,,69.18
2023-04-21 03:30:00,,67.58,,67.58
2023-04-21 03:45:00,,68.49,,68.49
2023-04-21 04:00:00,,68.82,,68.82
2023-04-21 04:15:00,,67.17,,67.17
2023-04-21 04:30:00,,67.28,,67.28
2023-04-21 04:45:00,,67.04,,67.04
2023-04-21 05:00:00,,64.85,,64.85
2023-04-21 05:15:00,,65.54,,65.54
2023-04-21 05:30:00,,64.66,,64.66
2023-04-21 05:45:00,,60.59,,60.59
2023-04-21 06:00:00,,58.92,,58.92
2023-04-21 06:15:00,,58.93,,58.93
2023-04-21 06:30:00,,54.56,,54.56
2023-04-21 06:45:00,,60.77,,60.77
2023-04-21 07:00:00,,62.56,,62.56
2023-04-21 07:15:00,,61.18,,61.18
2023-04-21 07:30:00,,70.8,,70.8
2023-04-21 07:45:00,,83.51,,83.51
2023-04-21 08:00:00,,105.22,,105.22
2023-04-21 08:15:00,,130.3,,130.3
2023-04-21 08:30:00,,151.16,,151.16
2023-04-21 08:45:00,,169.54,,169.54
2023-04-21 09:00:00,,197.27,,197.27
2023-04-21 09:15:00,223.47,,,223.47
2023-04-21 09:30:00,236.86,,,236.86
2023-04-21 09:45:00,250.12,,,250.12
2023-04-21 10:00:00,251.08,,,251.08
2023-04-21 10:15:00,265.66,,,265.66
2023-04-21 10:30:00,273.74,,,273.74
2023-04-21 10:45:00,265.71,,,265.71
2023-04-21 11:00:00,257.82,,,257.82
2023-04-21 11:15:00,270.1,,,270.1
2023-04-21 11:30:00,271.57,,,271.57
2023-04-21 11:45:00,267.42,,,267.42
2023-04-21 12:00:00,272.56,,,272.56
2023-04-21 12:15:00,282.46,,,282.46
2023-04-21 12:30:00,284.07,,,284.07
2023-04-21 12:45:00,282.0,,,282.0
2023-04-21 13:00:00,287.48,,,287.48
2023-04-21 13:15:00,290.21,,,290.21
2023-04-21 13:30:00,288.66,,,288.66
2023-04-21 13:45:00,286.12,,,286.12
2023-04-21 14:00:00,306.21,,,306.21
2023-04-21 14:15:00,316.5,,,316.5
2023-04-21 14:30:00,319.11,,,319.11
2023-04-21 14:45:00,320.32,,,320.32
2023-04-21 15:00:00,325.64,,,325.64
2023-04-21 15:15:00,330.68,,,330.68
2023-04-21 15:30:00,325.42,,,325.42
2023-04-21 15:45:00,330.99,,,330.99
2023-04-21 16:00:00,329.24,,,329.24
2023-04-21 16:15:00,310.81,,,310.81
2023-04-21 16:30:00,265.1,,,265.1
2023-04-21 16:45:00,216.02,,,216.02
2023-04-21 17:00:00,171.72,,,171.72
2023-04-21 17:15:00,136.56,,,136.56
2023-04-21 17:30:00,110.35,,,110.35
2023-04-21 17:45:00,101.09,,,101.09
2023-04-21 18:00:00,96.45,,,96.45
2023-04-21 18:15:00,91.38,,,91.38
2023-04-21 18:30:00,89.49,,,89.49
2023-04-21 18:45:00,93.21,,,93.21
2023-04-21 19:00:00,94.75,,,94.75
2023-04-21 19:15:00,89.97,,,89.97
2023-04-21 19:30:00,87.51,,,87.51
2023-04-21 19:45:00,83.75,,,83.75
2023-04-21 20:00:00,79.82,,,79.82
2023-04-21 20:15:00,82.06,,,82.06
2023-04-21 20:30:00,80.08,,,80.08
2023-04-21 20:45:00,79.45,,,79.45
2023-04-21 21:00:00,77.26,,,77.26
2023-04-21 21:15:00,75.87,,,75.87
2023-04-21 21:30:00,80.32,,,80.32
2023-04-21 21:45:00,80.32,,,80.32
2023-04-21 22:00:00,77.5,,,77.5
2023-04-21 22:15:00,,76.04,,76.04
2023-04-21 22:30:00,,76.4,,76.4
2023-04-21 22:45:00,,73.62,,73.62
2023-04-21 23:00:00,,74.44,,74.44
2023-04-21 23:15:00,,73.03,,73.03
2023-04-21 23:30:00,,73.25,,73.25
2023-04-21 23:45:00,,72.14,,72.14
2023-04-22 00:15:00,,,71.36,71.36
2023-04-22 00:30:00,,,71.88,71.88
2023-04-22 00:45:00,,,69.39,69.39
2023-04-22 01:00:00,,,69.69,69.69
2023-04-22 01:15:00,,,69.16,69.16
2023-04-22 01:30:00,,,67.96,67.96
2023-04-22 01:45:00,,,67.38,67.38
2023-04-22 02:00:00,,,67.51,67.51
2023-04-22 02:15:00,,,64.83,64.83
2023-04-22 02:30:00,,,65.31,65.31
2023-04-22 02:45:00,,,66.62,66.62
2023-04-22 03:00:00,,,63.39,63.39
2023-04-22 03:15:00,,,63.73,63.73
2023-04-22 03:30:00,,,65.24,65.24
2023-04-22 03:45:00,,,62.89,62.89
2023-04-22 04:00:00,,,64.11,64.11
2023-04-22 04:15:00,,,64.08,64.08
2023-04-22 04:30:00,,,63.09,63.09
2023-04-22 04:45:00,,,63.26,63.26
2023-04-22 05:00:00,,,62.44,62.44
2023-04-22 05:15:00,,,62.05,62.05
2023-04-22 05:30:00,,,62.4,62.4
2023-04-22 05:45:00,,,57.93,57.93
2023-04-22 06:00:00,,,55.79,55.79
2023-04-22 06:15:00,,,55.36,55.36
2023-04-22 06:30:00,,,54.18,54.18
2023-04-22 06:45:00,,,51.53,51.53
2023-04-22 07:00:00,,,48.61,48.61
2023-04-22 07:15:00,,,46.6,46.6
2023-04-22 07:30:00,,,44.34,44.34
2023-04-22 07:45:00,,,39.85,39.85
2023-04-22 08:00:00,,,46.45,46.45
2023-04-22 08:15:00,,,47.57,47.57
2023-04-22 08:30:00,,,50.29,50.29
2023-04-22 08:45:00,,,53.73,53.73
2023-04-22 09:00:00,,,57.25,57.25
2023-04-22 09:15:00,,,60.07,60.07
2023-04-22 09:30:00,,,58.14,58.14
2023-04-22 09:45:00,,,54.39,54.39
2023-04-22 10:00:00,,,52.59,52.59
2023-04-22 10:15:00,,,54.06,54.06
2023-04-22 10:30:00,,,54.46,54.46
2023-04-22 10:45:00,,,54.25,54.25
2023-04-22 11:00:00,,,50.84,50.84
2023-04-22 11:15:00,,,47.03,47.03
2023-04-22 11:30:00,,,51.96,51.96
2023-04-22 11:45:00,,,56.84,56.84
2023-04-22 12:00:00,,,57.43,57.43
2023-04-22 12:15:00,,,56.84,56.84
2023-04-22 12:30:00,,,51.85,51.85
2023-04-22 12:45:00,,,63.12,63.12
2023-04-22 13:00:00,,,70.5,70.5
2023-04-22 13:15:00,,,74.07,74.07
2023-04-22 13:30:00,,,76.77,76.77
2023-04-22 13:45:00,,,79.64,79.64
2023-04-22 14:00:00,,,75.01,75.01
2023-04-22 14:15:00,,,81.36,81.36
2023-04-22 14:30:00,,,87.48,87.48
2023-04-22 14:45:00,,,86.08,86.08
2023-04-22 15:00:00,,,87.74,87.74
2023-04-22 15:15:00,,,92.54,92.54
2023-04-22 15:30:00,,,96.68,96.68
2023-04-22 15:45:00,,,110.54,110.54
2023-04-22 16:00:00,,,91.19,91.19
2023-04-22 16:15:00,,,91.99,91.99
2023-04-22 16:30:00,,,95.96,95.96
2023-04-22 16:45:00,,,95.95,95.95
2023-04-22 17:00:00,,,93.52,93.52
2023-04-22 17:15:00,,,97.59,97.59
2023-04-22 17:30:00,,,107.49,107.49
2023-04-22 17:45:00,,,105.38,105.38
2023-04-22 18:00:00,,,101.51,101.51
2023-04-22 18:15:00,,,99.06,99.06
2023-04-22 18:30:00,,,97.61,97.61
2023-04-22 18:45:00,,,103.64,103.64
2023-04-22 19:00:00,,,97.69,97.69
2023-04-22 19:15:00,,,94.7,94.7
2023-04-22 19:30:00,,,94.77,94.77
2023-04-22 19:45:00,,,89.36,89.36
2023-04-22 20:00:00,,,84.39,84.39
2023-04-22 20:15:00,,,84.84,84.84
2023-04-22 20:30:00,,,82.54,82.54
2023-04-22 20:45:00,,,81.48,81.48
2023-04-22 21:00:00,,,80.99,80.99
2023-04-22 21:15:00,,,78.99,78.99
2023-04-22 21:30:00,,,77.51,77.51
2023-04-22 21:45:00,,,76.37,76.37
2023-04-22 22:00:00,,,79.3,79.3
2023-04-22 22:15:00,,,78.66,78.66
2023-04-22 22:30:00,,,76.05,76.05
2023-04-22 22:45:00,,,76.81,76.81
2023-04-22 23:00:00,,,74.94,74.94
2023-04-22 23:15:00,,,71.64,71.64
2023-04-22 23:30:00,,,70.74,70.74
2023-04-22 23:45:00,,,70.21,70.21
2023-04-23 00:15:00,,,72.55,72.55
2023-04-23 00:30:00,,,69.63,69.63
2023-04-23 00:45:00,,,67.23,67.23
2023-04-23 01:00:00,,,68.15,68.15
2023-04-23 01:15:00,,,67.36,67.36
2023-04-23 01:30:00,,,65.96,65.96
2023-04-23 01:45:00,,,66.59,66.59
2023-04-23 02:00:00,,,65.69,65.69
2023-04-23 02:15:00,,,65.24,65.24
2023-04-23 02:30:00,,,65.42,65.42
2023-04-23 02:45:00,,,65.72,65.72
2023-04-23 03:00:00,,,64.11,64.11
2023-04-23 03:15:00,,,64.79,64.79
2023-04-23 03:30:00,,,63.99,63.99
2023-04-23 03:45:00,,,64.18,64.18
2023-04-23 04:00:00,,,64.12,64.12
2023-04-23 04:15:00,,,63.54,63.54
2023-04-23 04:30:00,,,62.83,62.83
2023-04-23 04:45:00,,,64.24,64.24
2023-04-23 05:00:00,,,62.75,62.75
2023-04-23 05:15:00,,,63.0,63.0
2023-04-23 05:30:00,,,63.05,63.05
2023-04-23 05:45:00,,,59.97,59.97
2023-04-23 06:00:00,,,56.51,56.51
2023-04-23 06:15:00,,,55.45,55.45
2023-04-23 06:30:00,,,55.85,55.85
2023-04-23 06:45:00,,,52.6,52.6
2023-04-23 07:00:00,,,51.18,51.18
2023-04-23 07:15:00,,,48.17,48.17
2023-04-23 07:30:00,,,43.42,43.42
2023-04-23 07:45:00,,,40.44,40.44
2023-04-23 08:00:00,,,36.88,36.88
2023-04-23 08:15:00,,,36.42,36.42
2023-04-23 08:30:00,,,40.7,40.7
2023-04-23 08:45:00,,,42.17,42.17
2023-04-23 09:00:00,,,38.23,38.23
2023-04-23 09:15:00,,,37.75,37.75
2023-04-23 09:30:00,,,39.46,39.46
2023-04-23 09:45:00,,,36.45,36.45
2023-04-23 10:00:00,,,40.94,40.94
2023-04-23 10:15:00,,,39.31,39.31
2023-04-23 10:30:00,,,36.43,36.43
2023-04-23 10:45:00,,,36.97,36.97
2023-04-23 11:00:00,,,37.81,37.81
2023-04-23 11:15:00,,,38.47,38.47
2023-04-23 11:30:00,,,46.0,46.0
2023-04-23 11:45:00,,,47.93,47.93
2023-04-23 12:00:00,,,48.92,48.92
2023-04-23 12:15:00,,,42.72,42.72
2023-04-23 12:30:00,,,32.65,32.65
2023-04-23 12:45:00,,,35.69,35.69
2023-04-23 13:00:00,,,38.58,38.58
2023-04-23 13:15:00,,,45.13,45.13
2023-04-23 13:30:00,,,52.87,52.87
2023-04-23 13:45:00,,,57.24,57.24
2023-04-23 14:00:00,,,49.33,49.33
2023-04-23 14:15:00,,,51.36,51.36
2023-04-23 14:30:00,,,57.62,57.62
2023-04-23 14:45:00,,,60.73,60.73
2023-04-23 15:00:00,,,62.19,62.19
2023-04-23 15:15:00,,,64.35,64.35
2023-04-23 15:30:00,,,67.14,67.14
2023-04-23 15:45:00,,,72.01,72.01
2023-04-23 16:00:00,,,72.4,72.4
2023-04-23 16:15:00,,,82.4,82.4
2023-04-23 16:30:00,,,81.27,81.27
2023-04-23 16:45:00,,,80.3,80.3
2023-04-23 17:00:00,,,86.6,86.6
2023-04-23 17:15:00,,,74.83,74.83
2023-04-23 17:30:00,,,71.83,71.83
2023-04-23 17:45:00,,,74.37,74.37
2023-04-23 18:00:00,,,75.69,75.69
2023-04-23 18:15:00,,,76.18,76.18
2023-04-23 18:30:00,,,84.4,84.4
2023-04-23 18:45:00,,,84.18,84.18
2023-04-23 19:00:00,,,80.9,80.9
2023-04-23 19:15:00,,,82.46,82.46
2023-04-23 19:30:00,,,80.74,80.74
2023-04-23 19:45:00,,,78.36,78.36
2023-04-23 20:00:00,,,78.4,78.4
2023-04-23 20:15:00,,,74.64,74.64
2023-04-23 20:30:00,,,74.78,74.78
2023-04-23 20:45:00,,,71.92,71.92
2023-04-23 21:00:00,,,74.64,74.64
2023-04-23 21:15:00,,,78.1,78.1
2023-04-23 21:30:00,,,78.0,78.0
2023-04-23 21:45:00,,,76.73,76.73
2023-04-23 22:00:00,,,77.07,77.07
2023-04-23 22:15:00,,,74.94,74.94
2023-04-23 22:30:00,,,78.75,78.75
2023-04-23 22:45:00,,,78.0,78.0
2023-04-23 23:00:00,,,71.36,71.36
2023-04-23 23:15:00,,,71.29,71.29
2023-04-23 23:30:00,,,70.45,70.45
2023-04-23 23:45:00,,,70.55,70.55
2023-04-24 00:15:00,,70.45,,70.45
2023-04-24 00:30:00,,69.06,,69.06
2023-04-24 00:45:00,,68.49,,68.49
2023-04-24 01:00:00,,67.28,,67.28
2023-04-24 01:15:00,,66.81,,66.81
2023-04-24 01:30:00,,66.85,,66.85
2023-04-24 01:45:00,,65.73,,65.73
2023-04-24 02:00:00,,65.45,,65.45
2023-04-24 02:15:00,,66.32,,66.32
2023-04-24 02:30:00,,65.57,,65.57
2023-04-24 02:45:00,,64.48,,64.48
2023-04-24 03:00:00,,64.94,,64.94
2023-04-24 03:15:00,,64.07,,64.07
2023-04-24 03:30:00,,64.95,,64.95
2023-04-24 03:45:00,,64.44,,64.44
2023-04-24 04:00:00,,62.57,,62.57
2023-04-24 04:15:00,,63.92,,63.92
2023-04-24 04:30:00,,64.23,,64.23
2023-04-24 04:45:00,,61.28,,61.28
2023-04-24 05:00:00,,62.17,,62.17
2023-04-24 05:15:00,,62.95,,62.95
2023-04-24 05:30:00,,60.88,,60.88
2023-04-24 05:45:00,,59.45,,59.45
2023-04-24 06:00:00,,57.89,,57.89
2023-04-24 06:15:00,,55.28,,55.28
2023-04-24 06:30:00,,55.13,,55.13
2023-04-24 06:45:00,,55.46,,55.46
2023-04-24 07:00:00,,55.57,,55.57
2023-04-24 07:15:00,,57.6,,57.6
2023-04-24 07:30:00,,63.75,,63.75
2023-04-24 07:45:00,,64.9,,64.9
2023-04-24 08:00:00,,79.33,,79.33
2023-04-24 08:15:00,,105.28,,105.28
2023-04-24 08:30:00,,140.44,,140.44
2023-04-24 08:45:00,,188.9,,188.9
2023-04-24 09:00:00,,215.52,,215.52
2023-04-24 09:15:00,238.51,,,238.51
2023-04-24 09:30:00,273.12,,,273.12
2023-04-24 09:45:00,280.94,,,280.94
2023-04-24 10:00:00,278.04,,,278.04
2023-04-24 10:15:00,278.12,,,278.12
2023-04-24 10:30:00,274.94,,,274.94
2023-04-24 10:45:00,284.45,,,284.45
2023-04-24 11:00:00,285.99,,,285.99
2023-04-24 11:15:00,291.13,,,291.13
2023-04-24 11:30:00,295.01,,,295.01
2023-04-24 11:45:00,304.53,,,304.53
2023-04-24 12:00:00,302.54,,,302.54
2023-04-24 12:15:00,299.58,,,299.58
2023-04-24 12:30:00,299.65,,,299.65
2023-04-24 12:45:00,302.88,,,302.88
2023-04-24 13:00:00,310.25,,,310.25
2023-04-24 13:15:00,308.5,,,308.5
2023-04-24 13:30:00,316.74,,,316.74
2023-04-24 13:45:00,318.86,,,318.86
2023-04-24 14:00:00,356.24,,,356.24
2023-04-24 14:15:00,369.85,,,369.85
2023-04-24 14:30:00,380.86,,,380.86
2023-04-24 14:45:00,381.69,,,381.69
2023-04-24 15:00:00,376.9,,,376.9
2023-04-24 15:15:00,387.36,,,387.36
2023-04-24 15:30:00,384.63,,,384.63
2023-04-24 15:45:00,376.44,,,376.44
2023-04-24 16:00:00,358.45,,,358.45
2023-04-24 16:15:00,331.8,,,331.8
2023-04-24 16:30:00,286.92,,,286.92
2023-04-24 16:45:00,236.2,,,236.2
2023-04-24 17:00:00,190.28,,,190.28
2023-04-24 17:15:00,148.01,,,148.01
2023-04-24 17:30:00,129.46,,,129.46
2023-04-24 17:45:00,114.7,,,114.7
2023-04-24 18:00:00,107.39,,,107.39
2023-04-24 18:15:00,103.26,,,103.26
2023-04-24 18:30:00,103.33,,,103.33
2023-04-24 18:45:00,107.14,,,107.14
2023-04-24 19:00:00,100.64,,,100.64
2023-04-24 19:15:00,99.05,,,99.05
2023-04-24 19:30:00,92.88,,,92.88
2023-04-24 19:45:00,88.66,,,88.66
2023-04-24 20:00:00,88.08,,,88.08
2023-04-24 20:15:00,82.6,,,82.6
2023-04-24 20:30:00,79.36,,,79.36
2023-04-24 20:45:00,81.21,,,81.21
2023-04-24 21:00:00,84.18,,,84.18
2023-04-24 21:15:00,82.45,,,82.45
2023-04-24 21:30:00,82.23,,,82.23
2023-04-24 21:45:00,85.34,,,85.34
2023-04-24 22:00:00,82.92,,,82.92
2023-04-24 22:15:00,,79.09,,79.09
2023-04-24 22:30:00,,77.91,,77.91
2023-04-24 22:45:00,,79.53,,79.53
2023-04-24 23:00:00,,82.48,,82.48
2023-04-24 23:15:00,,77.55,,77.55
2023-04-24 23:30:00,,76.96,,76.96
2023-04-24 23:45:00,,77.11,,77.11
2023-04-25 00:15:00,,76.49,,76.49
2023-04-25 00:30:00,,74.68,,74.68
2023-04-25 00:45:00,,73.54,,73.54
2023-04-25 01:00:00,,73.69,,73.69
2023-04-25 01:15:00,,73.17,,73.17
2023-04-25 01:30:00,,71.67,,71.67
2023-04-25 01:45:00,,71.45,,71.45
2023-04-25 02:00:00,,71.69,,71.69
2023-04-25 02:15:00,,70.83,,70.83
2023-04-25 02:30:00,,71.45,,71.45
2023-04-25 02:45:00,,70.16,,70.16
2023-04-25 03:00:00,,69.93,,69.93
2023-04-25 03:15:00,,70.87,,70.87
2023-04-25 03:30:00,,69.05,,69.05
2023-04-25 03:45:00,,68.86,,68.86
2023-04-25 04:00:00,,68.81,,68.81
2023-04-25 04:15:00,,68.85,,68.85
2023-04-25 04:30:00,,67.51,,67.51
2023-04-25 04:45:00,,68.07,,68.07
2023-04-25 05:00:00,,67.11,,67.11
2023-04-25 05:15:00,,66.08,,66.08
2023-04-25 05:30:00,,65.59,,65.59
2023-04-25 05:45:00,,61.65,,61.65
2023-04-25 06:00:00,,61.22,,61.22
2023-04-25 06:15:00,,60.7,,60.7
2023-04-25 06:30:00,,57.68,,57.68
2023-04-25 06:45:00,,60.31,,60.31
2023-04-25 07:00:00,,59.46,,59.46
2023-04-25 07:15:00,,59.72,,59.72
2023-04-25 07:30:00,,77.76,,77.76
2023-04-25 07:45:00,,118.56,,118.56
2023-04-25 08:00:00,,137.38,,137.38
2023-04-25 08:15:00,,153.39,,153.39
2023-04-25 08:30:00,,188.72,,188.72
2023-04-25 08:45:00,,236.86,,236.86
2023-04-25 09:00:00,,267.72,,267.72
2023-04-25 09:15:00,299.8,,,299.8
2023-04-25 09:30:00,315.31,,,315.31
2023-04-25 09:45:00,329.26,,,329.26
2023-04-25 10:00:00,336.37,,,336.37
2023-04-25 10:15:00,335.33,,,335.33
2023-04-25 10:30:00,344.69,,,344.69
2023-04-25 10:45:00,347.92,,,347.92
2023-04-25 11:00:00,334.09,,,334.09
2023-04-25 11:15:00,338.97,,,338.97
2023-04-25 11:30:00,352.79,,,352.79
2023-04-25 11:45:00,365.09,,,365.09
2023-04-25 12:00:00,356.18,,,356.18
2023-04-25 12:15:00,342.43,,,342.43
2023-04-25 12:30:00,339.59,,,339.59
2023-04-25 12:45:00,334.89,,,334.89
2023-04-25 13:00:00,336.38,,,336.38
2023-04-25 13:15:00,346.52,,,346.52
2023-04-25 13:30:00,357.57,,,357.57
2023-04-25 13:45:00,369.44,,,369.44
2023-04-25 14:00:00,382.47,,,382.47
2023-04-25 14:15:00,397.04,,,397.04
2023-04-25 14:30:00,397.07,,,397.07
2023-04-25 14:45:00,396.09,,,396.09
2023-04-25 15:00:00,380.5,,,380.5
2023-04-25 15:15:00,368.34,,,368.34
2023-04-25 15:30:00,378.69,,,378.69
2023-04-25 15:45:00,379.37,,,379.37
2023-04-25 16:00:00,375.32,,,375.32
2023-04-25 16:15:00,337.32,,,337.32
2023-04-25 16:30:00,300.71,,,300.71
2023-04-25 16:45:00,256.05,,,256.05
2023-04-25 17:00:00,169.23,,,169.23
2023-04-25 17:15:00,127.65,,,127.65
2023-04-25 17:30:00,129.14,,,129.14
2023-04-25 17:45:00,129.63,,,129.63
2023-04-25 18:00:00,121.0,,,121.0
2023-04-25 18:15:00,118.64,,,118.64
2023-04-25 18:30:00,118.12,,,118.12
2023-04-25 18:45:00,118.57,,,118.57
2023-04-25 19:00:00,96.23,,,96.23
2023-04-25 19:15:00,91.13,,,91.13
2023-04-25 19:30:00,91.62,,,91.62
2023-04-25 19:45:00,88.37,,,88.37
2023-04-25 20:00:00,80.51,,,80.51
2023-04-25 20:15:00,80.17,,,80.17
2023-04-25 20:30:00,82.59,,,82.59
2023-04-25 20:45:00,80.55,,,80.55
2023-04-25 21:00:00,81.02,,,81.02
2023-04-25 21:15:00,85.19,,,85.19
2023-04-25 21:30:00,82.12,,,82.12
2023-04-25 21:45:00,83.51,,,83.51
2023-04-25 22:00:00,81.41,,,81.41
2023-04-25 22:15:00,,80.76,,80.76
2023-04-25 22:30:00,,81.32,,81.32
2023-04-25 22:45:00,,81.16,,81.16
2023-04-25 23:00:00,,82.06,,82.06
2023-04-25 23:15:00,,80.23,,80.23
2023-04-25 23:30:00,,78.75,,78.75
2023-04-25 23:45:00,,77.23,,77.23
2023-04-26 00:15:00,,74.41,,74.41
2023-04-26 00:30:00,,75.06,,75.06
2023-04-26 00:45:00,,73.72,,73.72
2023-04-26 01:00:00,,71.43,,71.43
2023-04-26 01:15:00,,72.91,,72.91
2023-04-26 01:30:00,,72.01,,72.01
2023-04-26 01:45:00,,69.74,,69.74
2023-04-26 02:00:00,,71.25,,71.25
2023-04-26 02:15:00,,71.39,,71.39
2023-04-26 02:30:00,,69.28,,69.28
2023-04-26 02:45:00,,70.3,,70.3
2023-04-26 03:00:00,,69.68,,69.68
2023-04-26 03:15:00,,68.92,,68.92
2023-04-26 03:30:00,,70.54,,70.54
2023-04-26 03:45:00,,69.36,,69.36
2023-04-26 04:00:00,,70.11,,70.11
2023-04-26 04:15:00,,70.2,,70.2
2023-04-26 04:30:00,,69.43,,69.43
2023-04-26 04:45:00,,67.49,,67.49
2023-04-26 05:00:00,,69.58,,69.58
2023-04-26 05:15:00,,71.28,,71.28
2023-04-26 05:30:00,,70.53,,70.53
2023-04-26 05:45:00,,68.9,,68.9
2023-04-26 06:00:00,,67.26,,67.26
2023-04-26 06:15:00,,63.88,,63.88
2023-04-26 06:30:00,,61.39,,61.39
2023-04-26 06:45:00,,60.29,,60.29
2023-04-26 07:00:00,,63.17,,63.17
2023-04-26 07:15:00,,67.21,,67.21
2023-04-26 07:30:00,,78.4,,78.4
2023-04-26 07:45:00,,131.0,,131.0
2023-04-26 08:00:00,,149.95,,149.95
2023-04-26 08:15:00,,170.38,,170.38
2023-04-26 08:30:00,,199.55,,199.55
2023-04-26 08:45:00,,226.51,,226.51
2023-04-26 09:00:00,,243.01,,243.01
2023-04-26 09:15:00,251.92,,,251.92
2023-04-26 09:30:00,260.93,,,260.93
2023-04-26 09:45:00,270.38,,,270.38
2023-04-26 10:00:00,272.89,,,272.89
2023-04-26 10:15:00,278.17,,,278.17
2023-04-26 10:30:00,233.29,,,233.29
2023-04-26 10:45:00,266.45,,,266.45
2023-04-26 11:00:00,257.7,,,257.7
2023-04-26 11:15:00,250.29,,,250.29
2023-04-26 11:30:00,245.06,,,245.06
2023-04-26 11:45:00,240.27,,,240.27
2023-04-26 12:00:00,234.79,,,234.79
2023-04-26 12:15:00,230.37,,,230.37
2023-04-26 12:30:00,227.49,,,227.49
2023-04-26 12:45:00,203.26,,,203.26
2023-04-26 13:00:00,204.58,,,204.58
2023-04-26 13:15:00,207.52,,,207.52
2023-04-26 13:30:00,219.36,,,219.36
2023-04-26 13:45:00,223.43,,,223.43
2023-04-26 14:00:00,224.63,,,224.63
2023-04-26 14:15:00,234.97,,,234.97
2023-04-26 14:30:00,230.95,,,230.95
2023-04-26 14:45:00,245.87,,,245.87
2023-04-26 15:00:00,253.65,,,253.65
2023-04-26 15:15:00,265.96,,,265.96
2023-04-26 15:30:00,259.23,,,259.23
2023-04-26 15:45:00,265.85,,,265.85
2023-04-26 16:00:00,259.62,,,259.62
2023-04-26 16:15:00,238.98,,,238.98
2023-04-26 16:30:00,201.68,,,201.68
2023-04-26 16:45:00,162.05,,,162.05
2023-04-26 17:00:00,113.69,,,113.69
2023-04-26 17:15:00,86.89,,,86.89
2023-04-26 17:30:00,74.09,,,74.09
2023-04-26 17:45:00,69.65,,,69.65
2023-04-26 18:00:00,68.86,,,68.86
2023-04-26 18:15:00,76.02,,,76.02
2023-04-26 18:30:00,76.59,,,76.59
2023-04-26 18:45:00,75.88,,,75.88
2023-04-26 19:00:00,79.77,,,79.77
2023-04-26 19:15:00,79.06,,,79.06
2023-04-26 19:30:00,75.92,,,75.92
2023-04-26 19:45:00,71.17,,,71.17
2023-04-26 20:00:00,66.9,,,66.9
2023-04-26 20:15:00,65.78,,,65.78
2023-04-26 20:30:00,68.09,,,68.09
2023-04-26 20:45:00,66.14,,,66.14
2023-04-26 21:00:00,65.57,,,65.57
2023-04-26 21:15:00,66.42,,,66.42
2023-04-26 21:30:00,66.53,,,66.53
2023-04-26 21:45:00,65.9,,,65.9
2023-04-26 22:00:00,67.45,,,67.45
2023-04-26 22:15:00,,66.5,,66.5
2023-04-26 22:30:00,,64.91,,64.91
2023-04-26 22:45:00,,66.75,,66.75
2023-04-26 23:00:00,,65.79,,65.79
2023-04-26 23:15:00,,65.71,,65.71
2023-04-26 23:30:00,,65.44,,65.44
2023-04-26 23:45:00,,63.22,,63.22
2023-04-27 00:15:00,,64.48,,64.48
2023-04-27 00:30:00,,62.23,,62.23
2023-04-27 00:45:00,,62.46,,62.46
2023-04-27 01:00:00,,62.75,,62.75
2023-04-27 01:15:00,,60.51,,60.51
2023-04-27 01:30:00,,60.17,,60.17
2023-04-27 01:45:00,,59.57,,59.57
2023-04-27 02:00:00,,59.48,,59.48
2023-04-27 02:15:00,,58.37,,58.37
2023-04-27 02:30:00,,57.72,,57.72
2023-04-27 02:45:00,,58.81,,58.81
2023-04-27 03:00:00,,58.88,,58.88
2023-04-27 03:15:00,,59.04,,59.04
2023-04-27 03:30:00,,58.36,,58.36
2023-04-27 03:45:00,,58.22,,58.22
2023-04-27 04:00:00,,58.4,,58.4
2023-04-27 04:15:00,,58.56,,58.56
2023-04-27 04:30:00,,58.07,,58.07
2023-04-27 04:45:00,,58.51,,58.51
2023-04-27 05:00:00,,57.62,,57.62
2023-04-27 05:15:00,,57.21,,57.21
2023-04-27 05:30:00,,58.89,,58.89
2023-04-27 05:45:00,,55.54,,55.54
2023-04-27 06:00:00,,52.21,,52.21
2023-04-27 06:15:00,,52.91,,52.91
2023-04-27 06:30:00,,51.2,,51.2
2023-04-27 06:45:00,,52.55,,52.55
2023-04-27 07:00:00,,57.08,,57.08
2023-04-27 07:15:00,,59.45,,59.45
2023-04-27 07:30:00,,68.61,,68.61
2023-04-27 07:45:00,,102.27,,102.27
2023-04-27 08:00:00,,124.33,,124.33
2023-04-27 08:15:00,,132.0,,132.0
2023-04-27 08:30:00,,145.96,,145.96
2023-04-27 08:45:00,,171.71,,171.71
2023-04-27 09:00:00,,213.31,,213.31
2023-04-27 09:15:00,235.2,,,235.2
2023-04-27 09:30:00,235.14,,,235.14
2023-04-27 09:45:00,242.14,,,242.14
2023-04-27 10:00:00,242.9,,,242.9
2023-04-27 10:15:00,253.07,,,253.07
2023-04-27 10:30:00,275.36,,,275.36
2023-04-27 10:45:00,276.09,,,276.09
2023-04-27 11:00:00,276.12,,,276.12
2023-04-27 11:15:00,281.24,,,281.24
2023-04-27 11:30:00,288.63,,,288.63
2023-04-27 11:45:00,300.94,,,300.94
2023-04-27 12:00:00,296.45,,,296.45
2023-04-27 12:15:00,292.11,,,292.11
2023-04-27 12:30:00,288.43,,,288.43
2023-04-27 12:45:00,284.63,,,284.63
2023-04-27 13:00:00,292.01,,,292.01
2023-04-27 13:15:00,302.11,,,302.11
2023-04-27 13:30:00,310.65,,,310.65
2023-04-27 13:45:00,313.69,,,313.69
2023-04-27 14:00:00,341.63,,,341.63
2023-04-27 14:15:00,331.94,,,331.94
2023-04-27 14:30:00,332.58,,,332.58
2023-04-27 14:45:00,334.09,,,334.09
2023-04-27 15:00:00,339.7,,,339.7
2023-04-27 15:15:00,342.49,,,342.49
2023-04-27 15:30:00,338.98,,,338.98
2023-04-27 15:45:00,349.74,,,349.74
2023-04-27 16:00:00,339.67,,,339.67
2023-04-27 16:15:00,298.25,,,298.25
2023-04-27 16:30:00,257.57,,,257.57
2023-04-27 16:45:00,206.23,,,206.23
2023-04-27 17:00:00,166.44,,,166.44
2023-04-27 17:15:00,133.75,,,133.75
2023-04-27 17:30:00,113.89,,,113.89
2023-04-27 17:45:00,102.81,,,102.81
2023-04-27 18:00:00,100.8,,,100.8
2023-04-27 18:15:00,96.67,,,96.67
2023-04-27 18:30:00,91.8,,,91.8
2023-04-27 18:45:00,90.5,,,90.5
2023-04-27 19:00:00,94.93,,,94.93
2023-04-27 19:15:00,92.08,,,92.08
2023-04-27 19:30:00,87.12,,,87.12
2023-04-27 19:45:00,82.76,,,82.76
2023-04-27 20:00:00,75.77,,,75.77
2023-04-27 20:15:00,74.6,,,74.6
2023-04-27 20:30:00,73.37,,,73.37
2023-04-27 20:45:00,76.21,,,76.21
2023-04-27 21:00:00,80.44,,,80.44
2023-04-27 21:15:00,76.01,,,76.01
2023-04-27 21:30:00,74.74,,,74.74
2023-04-27 21:45:00,77.08,,,77.08
2023-04-27 22:00:00,73.94,,,73.94
2023-04-27 22:15:00,,74.97,,74.97
2023-04-27 22:30:00,,71.76,,71.76
2023-04-27 22:45:00,,69.36,,69.36
2023-04-27 23:00:00,,69.08,,69.08
2023-04-27 23:15:00,,70.43,,70.43
2023-04-27 23:30:00,,67.72,,67.72
2023-04-27 23:45:00,,68.64,,68.64
2023-04-28 00:15:00,,65.19,,65.19
2023-04-28 00:30:00,,66.93,,66.93
2023-04-28 00:45:00,,67.12,,67.12
2023-04-28 01:00:00,,64.9,,64.9
2023-04-28 01:15:00,,65.59,,65.59
2023-04-28 01:30:00,,64.68,,64.68
2023-04-28 01:45:00,,61.73,,61.73
2023-04-28 02:00:00,,63.9,,63.9
2023-04-28 02:15:00,,64.06,,64.06
2023-04-28 02:30:00,,61.19,,61.19
2023-04-28 02:45:00,,63.45,,63.45
2023-04-28 03:00:00,,61.39,,61.39
2023-04-28 03:15:00,,61.16,,61.16
2023-04-28 03:30:00,,61.58,,61.58
2023-04-28 03:45:00,,60.73,,60.73
2023-04-28 04:00:00,,60.79,,60.79
2023-04-28 04:15:00,,61.19,,61.19
2023-04-28 04:30:00,,60.09,,60.09
2023-04-28 04:45:00,,58.68,,58.68
2023-04-28 05:00:00,,59.91,,59.91
2023-04-28 05:15:00,,60.0,,60.0
2023-04-28 05:30:00,,58.65,,58.65
2023-04-28 05:45:00,,59.39,,59.39
2023-04-28 06:00:00,,54.66,,54.66
2023-04-28 06:15:00,,52.87,,52.87
2023-04-28 06:30:00,,53.57,,53.57
2023-04-28 06:45:00,,53.04,,53.04
2023-04-28 07:00:00,,83.85,,83.85
2023-04-28 07:15:00,,90.59,,90.59
2023-04-28 07:30:00,,92.5,,92.5
2023-04-28 07:45:00,,96.34,,96.34
2023-04-28 08:00:00,,112.66,,112.66
2023-04-28 08:15:00,,122.9,,122.9
2023-04-28 08:30:00,,141.39,,141.39
2023-04-28 08:45:00,,170.69,,170.69
2023-04-28 09:00:00,,192.12,,192.12
2023-04-28 09:15:00,209.81,,,209.81
2023-04-28 09:30:00,228.44,,,228.44
2023-04-28 09:45:00,223.13,,,223.13
2023-04-28 10:00:00,239.95,,,239.95
2023-04-28 10:15:00,246.56,,,246.56
2023-04-28 10:30:00,253.99,,,253.99
2023-04-28 10:45:00,260.24,,,260.24
2023-04-28 11:00:00,267.57,,,267.57
2023-04-28 11:15:00,276.41,,,276.41
2023-04-28 11:30:00,268.64,,,268.64
2023-04-28 11:45:00,280.26,,,280.26
2023-04-28 12:00:00,285.43,,,285.43
2023-04-28 12:15:00,280.26,,,280.26
2023-04-28 12:30:00,287.33,,,287.33
2023-04-28 12:45:00,288.52,,,288.52
2023-04-28 13:00:00,292.43,,,292.43
2023-04-28 13:15:00,282.18,,,282.18
2023-04-28 13:30:00,285.48,,,285.48
2023-04-28 13:45:00,286.23,,,286.23
2023-04-28 14:00:00,293.41,,,293.41
2023-04-28 14:15:00,306.83,,,306.83
2023-04-28 14:30:00,307.99,,,307.99
2023-04-28 14:45:00,308.82,,,308.82
2023-04-28 15:00:00,320.51,,,320.51
2023-04-28 15:15:00,315.43,,,315.43
2023-04-28 15:30:00,314.0,,,314.0
2023-04-28 15:45:00,312.92,,,312.92
2023-04-28 16:00:00,310.07,,,310.07
2023-04-28 16:15:00,295.4,,,295.4
2023-04-28 16:30:00,242.36,,,242.36
2023-04-28 16:45:00,200.84,,,200.84
2023-04-28 17:00:00,157.12,,,157.12
2023-04-28 17:15:00,133.45,,,133.45
2023-04-28 17:30:00,117.83,,,117.83
2023-04-28 17:45:00,107.78,,,107.78
2023-04-28 18:00:00,101.8,,,101.8
2023-04-28 18:15:00,96.55,,,96.55
2023-04-28 18:30:00,94.56,,,94.56
2023-04-28 18:45:00,93.84,,,93.84
2023-04-28 19:00:00,94.61,,,94.61
2023-04-28 19:15:00,92.36,,,92.36
2023-04-28 19:30:00,93.14,,,93.14
2023-04-28 19:45:00,91.33,,,91.33
2023-04-28 20:00:00,82.89,,,82.89
2023-04-28 20:15:00,79.38,,,79.38
2023-04-28 20:30:00,79.13,,,79.13
2023-04-28 20:45:00,80.52,,,80.52
2023-04-28 21:00:00,80.42,,,80.42
2023-04-28 21:15:00,81.33,,,81.33
2023-04-28 21:30:00,81.56,,,81.56
2023-04-28 21:45:00,74.39,,,74.39
2023-04-28 22:00:00,74.79,,,74.79
2023-04-28 22:15:00,,75.29,,75.29
2023-04-28 22:30:00,,74.03,,74.03
2023-04-28 22:45:00,,73.19,,73.19
2023-04-28 23:00:00,,70.09,,70.09
2023-04-28 23:15:00,,72.24,,72.24
2023-04-28 23:30:00,,75.37,,75.37
2023-04-28 23:45:00,,69.5,,69.5
2023-04-29 00:15:00,,,70.88,70.88
2023-04-29 00:30:00,,,68.25,68.25
2023-04-29 00:45:00,,,70.05,70.05
2023-04-29 01:00:00,,,69.6,69.6
2023-04-29 01:15:00,,,66.82,66.82
2023-04-29 01:30:00,,,68.12,68.12
2023-04-29 01:45:00,,,69.1,69.1
2023-04-29 02:00:00,,,66.23,66.23
2023-04-29 02:15:00,,,67.34,67.34
2023-04-29 02:30:00,,,66.16,66.16
2023-04-29 02:45:00,,,66.64,66.64
2023-04-29 03:00:00,,,67.85,67.85
2023-04-29 03:15:00,,,66.63,66.63
2023-04-29 03:30:00,,,66.89,66.89
2023-04-29 03:45:00,,,68.01,68.01
2023-04-29 04:00:00,,,68.48,68.48
2023-04-29 04:15:00,,,66.58,66.58
2023-04-29 04:30:00,,,67.04,67.04
2023-04-29 04:45:00,,,66.08,66.08
2023-04-29 05:00:00,,,64.87,64.87
2023-04-29 05:15:00,,,66.68,66.68
2023-04-29 05:30:00,,,65.97,65.97
2023-04-29 05:45:00,,,61.65,61.65
2023-04-29 06:00:00,,,58.17,58.17
2023-04-29 06:15:00,,,62.79,62.79
2023-04-29 06:30:00,,,70.36,70.36
2023-04-29 06:45:00,,,83.39,83.39
2023-04-29 07:00:00,,,82.36,82.36
2023-04-29 07:15:00,,,78.88,78.88
2023-04-29 07:30:00,,,77.1,77.1
2023-04-29 07:45:00,,,72.1,72.1
2023-04-29 08:00:00,,,68.91,68.91
2023-04-29 08:15:00,,,70.15,70.15
2023-04-29 08:30:00,,,67.09,67.09
2023-04-29 08:45:00,,,65.93,65.93
2023-04-29 09:00:00,,,66.42,66.42
2023-04-29 09:15:00,,,66.12,66.12
2023-04-29 09:30:00,,,61.52,61.52
2023-04-29 09:45:00,,,61.37,61.37
2023-04-29 10:00:00,,,57.58,57.58
2023-04-29 10:15:00,,,55.97,55.97
2023-04-29 10:30:00,,,57.11,57.11
2023-04-29 10:45:00,,,60.9,60.9
2023-04-29 11:00:00,,,63.49,63.49
2023-04-29 11:15:00,,,62.02,62.02
2023-04-29 11:30:00,,,61.59,61.59
2023-04-29 11:45:00,,,62.67,62.67
2023-04-29 12:00:00,,,62.6,62.6
2023-04-29 12:15:00,,,58.6,58.6
2023-04-29 12:30:00,,,62.47,62.47
2023-04-29 12:45:00,,,68.47,68.47
2023-04-29 13:00:00,,,68.82,68.82
2023-04-29 13:15:00,,,70.93,70.93
2023-04-29 13:30:00,,,77.39,77.39
2023-04-29 13:45:00,,,82.13,82.13
2023-04-29 14:00:00,,,78.66,78.66
2023-04-29 14:15:00,,,70.08,70.08
2023-04-29 14:30:00,,,72.72,72.72
2023-04-29 14:45:00,,,79.69,79.69
2023-04-29 15:00:00,,,90.92,90.92
2023-04-29 15:15:00,,,90.51,90.51
2023-04-29 15:30:00,,,90.65,90.65
2023-04-29 15:45:00,,,94.46,94.46
2023-04-29 16:00:00,,,96.69,96.69
2023-04-29 16:15:00,,,93.61,93.61
2023-04-29 16:30:00,,,92.81,92.81
2023-04-29 16:45:00,,,93.43,93.43
2023-04-29 17:00:00,,,104.32,104.32
2023-04-29 17:15:00,,,103.2,103.2
2023-04-29 17:30:00,,,99.04,99.04
2023-04-29 17:45:00,,,103.66,103.66
2023-04-29 18:00:00,,,96.43,96.43
2023-04-29 18:15:00,,,86.18,86.18
2023-04-29 18:30:00,,,86.27,86.27
2023-04-29 18:45:00,,,88.74,88.74
2023-04-29 19:00:00,,,94.82,94.82
2023-04-29 19:15:00,,,90.19,90.19
2023-04-29 19:30:00,,,88.76,88.76
2023-04-29 19:45:00,,,84.46,84.46
2023-04-29 20:00:00,,,87.14,87.14
2023-04-29 20:15:00,,,83.97,83.97
2023-04-29 20:30:00,,,79.97,79.97
2023-04-29 20:45:00,,,80.8,80.8
2023-04-29 21:00:00,,,82.06,82.06
2023-04-29 21:15:00,,,79.31,79.31
2023-04-29 21:30:00,,,75.39,75.39
2023-04-29 21:45:00,,,76.18,76.18
2023-04-29 22:00:00,,,74.64,74.64
2023-04-29 22:15:00,,,75.44,75.44
2023-04-29 22:30:00,,,71.44,71.44
2023-04-29 22:45:00,,,71.29,71.29
2023-04-29 23:00:00,,,71.1,71.1
2023-04-29 23:15:00,,,68.81,68.81
2023-04-29 23:30:00,,,70.68,70.68
2023-04-29 23:45:00,,,73.65,73.65
2023-04-30 00:15:00,,,66.14,66.14
2023-04-30 00:30:00,,,66.5,66.5
2023-04-30 00:45:00,,,64.49,64.49
2023-04-30 01:00:00,,,64.4,64.4
2023-04-30 01:15:00,,,65.71,65.71
2023-04-30 01:30:00,,,64.34,64.34
2023-04-30 01:45:00,,,64.97,64.97
2023-04-30 02:00:00,,,65.53,65.53
2023-04-30 02:15:00,,,63.24,63.24
2023-04-30 02:30:00,,,64.03,64.03
2023-04-30 02:45:00,,,64.08,64.08
2023-04-30 03:00:00,,,62.74,62.74
2023-04-30 03:15:00,,,64.07,64.07
2023-04-30 03:30:00,,,62.88,62.88
2023-04-30 03:45:00,,,63.64,63.64
2023-04-30 04:00:00,,,64.91,64.91
2023-04-30 04:15:00,,,64.68,64.68
2023-04-30 04:30:00,,,62.93,62.93
2023-04-30 04:45:00,,,63.74,63.74
2023-04-30 05:00:00,,,59.88,59.88
2023-04-30 05:15:00,,,59.56,59.56
2023-04-30 05:30:00,,,61.52,61.52
2023-04-30 05:45:00,,,57.81,57.81
2023-04-30 06:00:00,,,53.91,53.91
2023-04-30 06:15:00,,,53.32,53.32
2023-04-30 06:30:00,,,51.27,51.27
2023-04-30 06:45:00,,,50.07,50.07
2023-04-30 07:00:00,,,51.82,51.82
2023-04-30 07:15:00,,,46.57,46.57
2023-04-30 07:30:00,,,37.56,37.56
2023-04-30 07:45:00,,,39.3,39.3
2023-04-30 08:00:00,,,32.84,32.84
2023-04-30 08:15:00,,,32.87,32.87
2023-04-30 08:30:00,,,32.75,32.75
2023-04-30 08:45:00,,,36.93,36.93
2023-04-30 09:00:00,,,44.71,44.71
2023-04-30 09:15:00,,,46.71,46.71
2023-04-30 09:30:00,,,47.98,47.98
2023-04-30 09:45:00,,,44.63,44.63
2023-04-30 10:00:00,,,55.57,55.57
2023-04-30 10:15:00,,,37.65,37.65
2023-04-30 10:30:00,,,25.27,25.27
2023-04-30 10:45:00,,,15.98,15.98
2023-04-30 11:00:00,,,35.97,35.97
2023-04-30 11:15:00,,,72.24,72.24
2023-04-30 11:30:00,,,70.72,70.72
2023-04-30 11:45:00,,,62.54,62.54
2023-04-30 12:00:00,,,45.34,45.34
2023-04-30 12:15:00,,,54.63,54.63
2023-04-30 12:30:00,,,66.74,66.74
2023-04-30 12:45:00,,,71.93,71.93
2023-04-30 13:00:00,,,70.38,70.38
2023-04-30 13:15:00,,,48.77,48.77
2023-04-30 13:30:00,,,20.71,20.71
2023-04-30 13:45:00,,,12.84,12.84
2023-04-30 14:00:00,,,22.64,22.64
2023-04-30 14:15:00,,,32.86,32.86
2023-04-30 14:30:00,,,61.44,61.44
2023-04-30 14:45:00,,,36.36,36.36
2023-04-30 15:00:00,,,37.2,37.2
2023-04-30 15:15:00,,,60.82,60.82
2023-04-30 15:30:00,,,41.79,41.79
2023-04-30 15:45:00,,,42.37,42.37
2023-04-30 16:00:00,,,45.86,45.86
2023-04-30 16:15:00,,,49.64,49.64
2023-04-30 16:30:00,,,52.3,52.3
2023-04-30 16:45:00,,,60.31,60.31
2023-04-30 17:00:00,,,67.67,67.67
2023-04-30 17:15:00,,,66.79,66.79
2023-04-30 17:30:00,,,66.8,66.8
2023-04-30 17:45:00,,,63.54,63.54
2023-04-30 18:00:00,,,68.08,68.08
2023-04-30 18:15:00,,,68.31,68.31
2023-04-30 18:30:00,,,73.0,73.0
2023-04-30 18:45:00,,,76.49,76.49
2023-04-30 19:00:00,,,78.46,78.46
2023-04-30 19:15:00,,,76.46,76.46
2023-04-30 19:30:00,,,77.17,77.17
2023-04-30 19:45:00,,,73.22,73.22
2023-04-30 20:00:00,,,69.72,69.72
2023-04-30 20:15:00,,,70.62,70.62
2023-04-30 20:30:00,,,67.16,67.16
2023-04-30 20:45:00,,,66.14,66.14
2023-04-30 21:00:00,,,69.38,69.38
2023-04-30 21:15:00,,,69.6,69.6
2023-04-30 21:30:00,,,67.73,67.73
2023-04-30 21:45:00,,,67.67,67.67
2023-04-30 22:00:00,,,66.88,66.88
2023-04-30 22:15:00,,,67.17,67.17
2023-04-30 22:30:00,,,68.25,68.25
2023-04-30 22:45:00,,,66.48,66.48
2023-04-30 23:00:00,,,65.89,65.89
2023-04-30 23:15:00,,,65.69,65.69
2023-04-30 23:30:00,,,63.69,63.69
2023-04-30 23:45:00,,,63.34,63.34
